"PGA","PGV","Sa(T1)","Es","nu","rho","xi","c","phi","Ec","fy","tseg","mu","moment_ratio","diameter_strain_rate"
"0.34648686","0.028263873","0.234750662","67961407.15233408","0.4202128426606852","2136.322065040216","0.031075848125800092","29317.33839327619","14.621211416637433","35497254043.97612","0.0062908412283799505","0.3518211690436237","0.6058202628226806","1.050944307750274","0.7490923854847994"
"0.63793743","0.126499121","1.096459127","62934200.539668605","0.43734324903304583","1985.445568170296","0.03586002054115643","35439.56221785417","11.720927528004484","40219452923.78074","0.005908656160272561","0.34512720775023875","0.605392425527777","3.040257031460476","5.272212382821951"
"0.91331705","0.13007386","1.506833156","59486328.3332345","0.4373943202699783","1937.3830207079905","0.06474649374233711","26301.561987089957","13.283235607526741","30758790754.337162","0.005980771869112053","0.3528428558240846","0.6041440419435354","2.5506538578664335","7.33327255766813"
"0.8082968","0.084370781","0.805779449","61809900.44921734","0.42000021890178907","1922.6790354585735","0.05626393687455439","30721.341057125795","12.518234092738588","28744981500.554546","0.006229227770992643","0.3521911178134783","0.6024264063473003","2.264015104302179","3.8989534971339808"
"0.81531177","0.102068404","1.060919083","58914287.9927352","0.4306655494560853","1778.4752780969757","0.041298856977393494","35351.245477583536","9.826173821645192","34606536365.59628","0.005738922561364769","0.3462457574032336","0.5949956886793258","2.4955635284931663","4.0822973806812755"
"0.98845545","0.114352312","2.483340355","65386027.5129144","0.4151266048310221","2015.1904437029948","0.033542143925283915","27507.002336307505","13.891342547667476","37382544391.26894","0.005733575055903123","0.3434011497433764","0.5972168408445504","2.5010471648155725","3.9524305086772555"
"0.31257552","0.032854153","0.2361768","65463777.26569874","0.44913874111097923","2026.7021194562733","0.06285863978179368","31511.4011862292","10.653937334493937","32715282190.304905","0.005832273990090254","0.3471268772777173","0.5958758069635329","0.5554227005927125","1.0524388371184554"
"0.32620437","0.056199256","0.454483544","62323037.82285182","0.4425544476226413","1916.8504364190208","0.06190177989572445","28304.705291830236","11.393980865284176","40761835809.692986","0.00582399422010179","0.3536573998170936","0.5972355606122544","1.4585634443171207","2.0637380059095523"
"0.55831328","0.057572972","0.992580688","55571047.58755471","0.43227300208663594","1935.586348014289","0.034857067921064064","34901.066296125384","10.096122171177276","32734107346.018414","0.0061129565579549055","0.3485336211190141","0.598589328906037","2.164312889135809","2.4993368150675708"
"0.095204239","0.006598352","0.080760652","56558761.569498986","0.4155557276671214","1914.6557987559313","0.040662851428218766","35940.52664289189","9.866539617773498","33750667608.627625","0.006328621574102175","0.35056938197933624","0.5990628660241704","0.1854218209898008","0.2747500368479326"
"0.38389186","0.052972206","0.569531516","67304789.43037803","0.4250458245056337","2099.1273952350193","0.062218879466570474","35157.68821742741","11.131007125082903","35321817447.78956","0.005928348516352558","0.3520536714779077","0.5992337259182376","1.330782028","1.643960749620803"
"0.74271234","0.078938876","1.046736055","53115180.27187586","0.43721876709381774","1921.7823758581253","0.06711967029202426","26929.895115468586","12.290981620581586","28360583312.92904","0.006145238977068796","0.3555258549506419","0.6054631942457593","2.5301767130755057","3.958203864933559"
"0.16418278","0.013925138","0.256022494","65430224.29481583","0.44880718117460566","2000.480013414262","0.0656238856214725","30498.709376598694","11.069385090903761","31632883019.780502","0.006294008712865737","0.35476149316465927","0.5974152091428852","0.3918938089996374","0.5949191093453629"
"0.6163543","0.079020029","0.480018339","67524283.48008092","0.42893443676562565","2134.979515690844","0.041470559648135286","28415.171342391193","14.165472721545942","32465009668.38486","0.0063705022750284454","0.354747879155654","0.6012083187181508","1.909168684354506","4.365757291355002"
"0.27910104","0.02716521","0.338969624","63526743.585216045","0.44335446082397134","2041.074371424795","0.04885354456647057","30795.877756500402","12.98503673500714","30150438614.241302","0.005886174278797084","0.3479058869151326","0.6047228760812275","0.6341225104275077","1.2343481875388123"
"0.39177916","0.028303152","0.355978761","54521978.292833805","0.4219604381675902","1845.5603363017128","0.061562043419937706","26495.10822818231","11.929355308734664","30746771853.36596","0.00615025254298537","0.3453801171481642","0.5994039668189479","0.801163317378376","0.875955264436804"
"0.14636444","0.026061646","0.216912443","59698892.90440428","0.4283409228012352","1887.9012765443024","0.03639681729093015","29406.204015211482","13.267715841459244","37360747784.89479","0.006316172581948828","0.3564908145561341","0.6047202736831019","0.6906115565564995","0.8647835476854089"
"0.27653177","0.038935485","0.456322805","52624247.21151525","0.43378871762228666","1877.1711167643139","0.043517782028313017","30885.556527019926","10.043824869031946","32559598475.13496","0.005478911496593718","0.34882253190001017","0.5963815648064811","1.237267309061512","1.574293487833658"
"0.65274901","0.076688289","0.736645625","57223997.14376874","0.4172656360454946","2020.6063952092402","0.04051327065712611","26085.405136862068","13.222781354242459","28882181572.34961","0.00541627979782996","0.34884297273659914","0.5993544847672727","2.268173962627912","2.844823827565932"
"0.99108436","0.094182579","0.995699921","58243011.72538547","0.41716790859537817","2015.7502881993216","0.03823845781716377","35137.49402809229","10.948375218002951","28417036354.491688","0.005656132829857851","0.3494795175852954","0.6025323738896549","2.5737010660602766","4.079942132987938"
"0.6046481","0.077498405","1.841028161","62532796.00028394","0.4206039290464329","1884.2054524295806","0.04077041895132204","30059.52342363915","13.209022857007477","39960464780.217155","0.0059987974363951745","0.34986743782762325","0.6030691823354296","2.256609430559938","2.6276529055065594"
"0.30392783","0.043569608","0.346200578","59926754.87714876","0.44364665754312677","1945.550191526863","0.0643034493479562","27078.894941830575","11.011792622741172","29527006892.021137","0.00555496253867069","0.35233665925994734","0.595627995928926","0.8080321381733278","1.3073654743363594"
"0.37047486","0.034616248","0.477564058","58409905.579573005","0.4152131270916801","1969.9751875083205","0.05390345694757062","26139.92133684021","13.917073869639008","34477087824.67574","0.005508562011699985","0.3543699671718213","0.6041407663475357","1.0935399842630154","1.5076402629450643"
"0.26131387","0.029515651","0.434941989","52945243.32894474","0.42045910325668134","1867.319930897839","0.038158253480015294","27776.449880839766","11.174953624470271","39901161378.33315","0.005789518662367575","0.3526902922124662","0.5974504346691951","1.4441442537314253","1.102790528202526"
"0.8941185","0.075041986","1.041459547","53418871.68071855","0.4333779617721503","1785.6889612136636","0.055810712745262794","28013.009433402513","10.752206172022088","34433663875.356415","0.006413859245132653","0.3480588971875519","0.5984650714526862","2.386858675195622","3.4665914625993666"
"0.96661388","0.152321996","1.374207495","61660709.97616234","0.43850632629570613","2059.072272742399","0.054211719913111425","31432.127887987026","11.389989278078081","35405685756.2229","0.005966305309385136","0.35096905626621205","0.5995519050234097","3.0653919054086143","6.788836571466968"
"0.94361167","0.109739405","1.954516944","56702424.198220655","0.4432561790682809","2002.1238733215407","0.04513763703137379","26470.164016711686","12.83344343838997","30092260874.29813","0.005449178179184298","0.353340398854315","0.6033653783144403","2.7283750672947047","6.2485303613535494"
"0.81167504","0.069105006","1.25391971","65838351.362845056","0.4352202008688468","1960.8530823924107","0.06028939066351986","31082.907125527283","12.352980680901833","37040962882.30374","0.005564831513481587","0.3539416454426965","0.6021060564473469","2.3735653914738246","3.1672075307122833"
"0.19700784","0.020853533","0.15622989","65162926.549741015","0.42663203633051267","2088.8453411763558","0.04364453967295689","25664.179020130105","14.419818307294062","28116909797.745415","0.0060653314160920594","0.3511966538941152","0.6022738422320123","0.29467142549645853","0.7951691885690707"
"0.36519873","0.05406177","0.765451445","56360014.50704102","0.4194201263398079","1845.5292731590246","0.045496010746953655","27869.43947221599","12.169159501630785","30040804935.18084","0.005495954087317042","0.3497291579509636","0.6002498439125907","1.4364590233275045","2.3465221238590552"
"0.48647799","0.045411696","0.777304626","53528112.09474497","0.43104782463619934","1911.703480351123","0.04389649975170248","29295.8409810997","11.06125679555993","29141223304.6136","0.006506777110295021","0.34756531837692933","0.5992089153632504","1.7971114288724386","2.204679472400123"
"0.24687292","0.051383084","0.416961761","58467639.34852965","0.4486576089277705","2004.3554183336403","0.03776764079404087","30218.49554795587","10.930708888524608","31137797415.156487","0.0058836821624099166","0.3486267060435661","0.5978836053152309","1.3400301178040799","1.6052565070723568"
"0.86324996","0.12105283","1.425391141","62167335.10770813","0.4502969321394577","2125.9699779584835","0.03156339158710583","33492.51954018443","10.654363262723413","36526361253.13143","0.005873736842711587","0.34312265981066914","0.5963747476567315","2.640338987594997","8.707985025799644"
"0.26513338","0.028674481","0.26001296","65199369.09579474","0.4206221888179409","2107.98853188911","0.04652338926065128","32601.81595731531","12.177995781542418","30731645277.209892","0.005907140745934072","0.3555013037349002","0.5990745645909019","0.682772119032684","1.0619415585685654"
"0.15877483","0.016359376","0.172139289","58970482.06559919","0.43681230614846306","2065.087821841914","0.0679413921596394","25219.100738712328","12.729000487872721","39046016877.29278","0.0058359470959629105","0.34659350668277383","0.59868752877296","0.2679117747539563","0.5706497300673052"
"0.2142064","0.027420694","0.6546902","51395770.96646962","0.41773409218137825","1850.761852609886","0.06798248773713939","24383.00170334602","12.485473894405256","31342003726.624893","0.005919364717298604","0.3458473921758838","0.6016075836589897","0.953567718028211","1.2460639299953649"
"0.67649015","0.056658451","0.381351438","67792492.71838039","0.44570181645765206","2139.5342209469973","0.046374764033626045","30392.385061776942","12.737794534388966","39511949584.49072","0.006236947233411039","0.3461713309856514","0.5975737803973813","1.3379281205699098","1.7673507737031011"
"0.78618938","0.096396324","1.244005162","58168239.92054868","0.4273946873420238","1852.481216317054","0.058457826258833875","31177.59496570404","12.201159548880682","34524555057.15359","0.005796345203030318","0.3460274821735874","0.6050830744718511","2.3208235362810723","6.011444436878959"
"0.33725043","0.036247588","0.550425234","54037871.54385453","0.41430108378490926","1873.0004656512626","0.04834039642380751","29585.174510063254","10.992127813077968","38699116780.86291","0.005780298753476875","0.3463724434518684","0.5974374637361574","1.2457444586962751","1.3490651194889731"
"0.20459439","0.015176301","0.188133744","54658556.16482333","0.4121546472863798","2017.4163039563743","0.0357336560171924","24439.748665399286","14.452424446415653","30819100169.34138","0.006404444562935057","0.3506531956659198","0.6030898871434041","0.5747693586811784","0.6369422707315866"
"0.83742958","0.120486655","1.026930495","63950984.720919736","0.43064651197134135","1857.5814701309193","0.04968747100201813","25047.64984033332","13.268739428473047","39020227229.52906","0.00615616421121754","0.3465292279183381","0.5954380343033036","2.596076619259364","4.244519340133023"
"0.96541425","0.118781494","2.197446697","64848715.239462115","0.4422011652195432","1997.0062128273748","0.033519658449000275","26694.55418608773","12.624411851923654","36238684119.71127","0.005792385846761243","0.34944158618201115","0.594966988180505","2.746415811852368","8.14076002097188"
"0.20547795","0.01775153","0.306736127","51011820.3002775","0.4135417125265084","1774.3416468254015","0.06999972783296364","25207.25744528435","9.9519696556995","30055003191.380177","0.0064509098146212215","0.3475075891056423","0.5969305552817216","0.6170190145598754","0.6173589964348521"
"0.68111444","0.067236519","0.613961978","61500048.21533769","0.41619901421201166","1966.1228730497396","0.05482237087819027","31175.01168583759","11.912828232858018","27607889725.36587","0.006331300029122003","0.35011095401779146","0.598821938305784","1.8572743921246861","3.5096692365562974"
"0.62585776","0.091514835","1.147525681","62693315.764716364","0.4297356016632297","2144.0856105355465","0.049965385827738136","28845.497949010172","13.105381479780812","34336277223.9985","0.005942191614988028","0.347486843535023","0.6004201086055968","2.021304592684818","3.683479608695127"
"0.91045771","0.066401995","0.486034369","61772718.79646208","0.4313817443572235","1963.234788016043","0.050366713782018624","28745.496608512018","12.888653331220427","32241876035.49095","0.005971434366090947","0.3471429281229363","0.60188796445675","2.2147462407949843","1.7336510760721153"
"0.26976461","0.047898293","0.469614917","53595332.01639251","0.42517394040211454","1843.3066136122707","0.06053926967391219","24247.615189568663","12.37634951923229","33346240861.59506","0.006526288276974756","0.356506667243208","0.5958590867063163","1.3003297723435143","1.787382259551655"
"0.72098013","0.106356808","1.201741124","56829463.5349642","0.4233904426660613","2123.9301452713403","0.04230044087128138","27435.446205357428","12.605926029661404","32033002394.747147","0.005768645860284501","0.3501303758527808","0.5989066511874072","2.6093653222415862","5.966729061534308"
"0.5503966","0.059785556","0.525382541","63047044.39151223","0.42530958360080773","2002.14294666988","0.04849851317854694","32343.413500588627","11.554831731687605","35029334715.48153","0.006082020389516129","0.3432600336759917","0.5977658920109772","1.5014325037646403","2.196988228350689"
"0.24399402","0.032571098","0.331621499","68242143.03818683","0.4508952671744341","1866.7094447920938","0.04070562949633185","33106.948294642505","10.670170769200933","35878061808.627","0.006533056291529269","0.35483426153033165","0.5949481875460952","0.744299524584826","1.2114800242028583"
"0.23174202","0.029512782","0.723759843","66368466.84055938","0.44816808608133735","1970.0547102969265","0.03430668738934465","33329.61704568014","11.709767332464684","36966361419.7606","0.006562016093942489","0.35550784186835316","0.6001658941241678","1.2664062927079183","1.6358395644673518"
"1.2648384","0.141467206","1.049828047","57313820.44743175","0.4396287666447474","1862.605494877107","0.05961539392579875","35736.29491323189","9.805631389492461","30365863564.074802","0.005785756013554325","0.3484182864523969","0.5989368879905879","1.8612481494677091","5.596087242756047"
"0.68422938","0.144742582","1.435269167","51525219.1447418","0.4287917274977014","1881.2630645370514","0.03683409929444138","29886.298971540808","10.354518176670766","30422363886.595806","0.006084423485214935","0.35454077078437324","0.5989249169426185","2.466574642455797","8.22761557142475"
"0.64386444","0.082929774","0.849916999","53566265.6732109","0.44689286379155085","1814.8665774428323","0.06639407126295106","35787.175425399866","9.766506903538742","30209069317.25777","0.006065393617102411","0.35439534792281585","0.6009261140042973","2.210534376897169","2.8000505727647713"
"0.32942847","0.022812144","0.276141207","63595510.67188011","0.43580883298783074","1954.7178500681161","0.04615746057875125","29073.90757648957","11.747418412000181","28499811215.78211","0.005891982650460976","0.35127272748657173","0.5960652834540391","0.6708224065935663","0.7598379858439257"
"0.72619099","0.104497071","0.90975933","62915989.873303376","0.4396706711123801","1819.3524052038342","0.059249016713917926","27742.110402720347","11.868079431109482","29356747562.425606","0.005931482811143441","0.3502075273229371","0.5978014496394233","2.3112937860317877","3.620347410957603"
"1.1201187","0.117100182","1.948967818","56603536.099879876","0.4295695050917202","1989.4249316263486","0.04719638730586502","30705.64499541543","13.09332679134855","33735160266.350376","0.005843692082185073","0.3563069567101915","0.6059130550961824","2.752753509228543","4.238952858398788"
"0.55782949","0.048169742","0.710555561","68499353.3711468","0.4120679514057271","2071.8579607837646","0.030602655968257158","33078.137114924924","14.35345204516672","33597429711.125565","0.005681381031547641","0.3471048830554964","0.603602066911707","2.3086491603702584","1.8524690286679888"
"0.7352948","0.073422525","0.69157248","67774043.70848851","0.4458613090671972","2085.3315629142962","0.03316464452983409","35484.20079260039","10.262878189867024","40786090466.89979","0.006312183702055991","0.3482027082617876","0.5945101696412687","2.2097330988657817","4.350826855250303"
"0.59622207","0.088092522","1.216756489","63502720.69942009","0.4338378213003282","2040.7793545244876","0.04053215306841844","34650.58292564706","11.276128951129863","39088298206.60242","0.00629856794452141","0.3514014067122622","0.6012576452497729","2.058164742655132","3.1626411051302274"
"0.19529905","0.014348133","0.104975836","59223969.517652765","0.4163358069602473","2036.5808594532805","0.03959088806573055","31085.40684162379","12.811388513744358","37765138762.15285","0.00583054651824633","0.3509447630396027","0.6032391129446006","0.3859191415418688","0.30261458255826346"
"0.57861023","0.110024183","0.985920804","59577814.415532246","0.4385244038499099","1977.2760709370712","0.04285586812888996","34104.7784339112","10.191295140788393","29742988363.36893","0.005504435270752108","0.3503835886597874","0.5970741786151388","2.510351513665208","4.439110529808433"
"0.71205253","0.097932924","1.183802635","54894095.607091784","0.4191461052919953","1913.6065148346438","0.04236579142952781","32304.80822016926","11.030153978713509","34729649542.34535","0.006434718410501352","0.3439281855440039","0.6000468874682248","2.387756388426995","5.824579358545931"
"0.26971395","0.029062462","0.270586123","65032668.52490328","0.4422791924177511","1922.7396029893173","0.0347412383887387","30424.47878863559","12.743806901245197","33902994025.30538","0.006537313595156434","0.35027939707095507","0.600668173995859","0.6851653356140299","1.0095113558380042"
"0.56521906","0.064793937","0.677610182","63764149.78995731","0.4130692794148396","2005.0973003941458","0.0405079793665693","31987.54562349961","13.527254815619798","35455566286.45885","0.006480784267927808","0.3467119934512531","0.6036153456402351","2.006435966133407","2.139400600463963"
"0.68459149","0.082423902","1.854764068","52285281.264595665","0.434334233635439","1948.1014495285635","0.06395885999115622","29656.79185596875","10.0309800273724","28943233930.4485","0.005704581643663608","0.3438977861464946","0.596166720599964","2.162962535943849","2.385327289611686"
"1.4677276","0.145457038","1.014310567","51156833.13355089","0.41474354308483363","1950.8900155324206","0.061310782668024366","24594.72169110573","12.467823387787945","29597281654.794765","0.0063580003490673","0.3439305790741561","0.6011207133794358","1.9537691498340528","5.176926369319109"
"0.43372576","0.09237981","0.986484573","62358203.09364972","0.41754613965273724","2058.9595026399966","0.0496183183752906","27432.87216033695","13.0030237865161","30942970442.107918","0.005903332715903963","0.3474513038379967","0.597023016149396","2.0939794036902066","4.223492691178245"
"0.11677294","0.012777541","0.196888892","63251565.135645874","0.4446691533523027","1975.3599369264573","0.06821909427968374","33029.86411015525","10.048152236586855","34293306838.885864","0.005842509699545825","0.35397105410039914","0.5954653197166525","0.1684706922723651","0.48129520636370693"
"0.65447945","0.047035821","0.554135814","58589527.308509335","0.42210586203658407","1954.8756248167126","0.04931903848157428","34476.67187110507","10.122675918239526","33253173660.11061","0.006441523839835025","0.3438542147819816","0.5954059602877702","2.3378457492495515","1.6671451432932063"
"0.66196639","0.108597111","0.987915724","60473634.62804143","0.42947046160695035","2106.827864920137","0.06770193187398023","28540.902322221944","11.261385034642645","31487236045.7653","0.005445503880062047","0.3468614730970464","0.5961409324708651","2.5862342803866443","4.236555605647959"
"0.78187851","0.084552582","1.425538683","64726502.18930604","0.41447840729374663","1933.4641817382626","0.05401689498141794","32321.38128635673","12.030034214917302","32119695124.624496","0.005873705229419119","0.35533743034854537","0.5993926849793884","2.4005014754738774","3.319420812584513"
"0.77563673","0.093415819","1.432058339","59336115.73872542","0.4189821179360863","1878.700779351336","0.04310732974911006","35596.10325727513","9.904635564269991","41163370000.42784","0.006159817697302524","0.34722901651796556","0.5953873739219321","2.4800985696588422","2.5329646307325535"
"0.4311005","0.058189381","0.349096102","60362388.67934053","0.4413805640165713","2113.5795481877744","0.03216525661750281","35724.58208533388","10.15869411825916","27703103284.558933","0.005664758532898379","0.35498980890374165","0.5997541208753471","1.2757961429898872","2.23461532037268"
"0.56083854","0.069891209","0.826677209","57588458.691508956","0.43349972409357157","2024.876672827771","0.05972899522656444","34922.23129438936","10.569279565260443","31187326362.119648","0.005972068295979236","0.3487967200755685","0.6040351763903942","1.8195144908362721","3.2062698866099035"
"0.85303493","0.0657431","0.658625004","61265700.21672127","0.4507143553268722","1967.5331568372565","0.056132196235288874","32943.65222596194","10.16352067045845","30481667421.052315","0.005660041795802647","0.35368406927567225","0.5981208877198111","2.0794875510779494","1.8345439274401416"
"0.10338495","0.01898099","0.179587368","65867907.91783807","0.43102893377317747","1990.6971078582146","0.048477546922236034","34125.95757754644","11.916446305356347","29940117983.91592","0.005528010381472314","0.3492282014011274","0.602629086029235","0.21329933437060603","0.8032688679721802"
"0.46999034","0.077595772","0.811865909","59608352.85079956","0.4314229159575701","1936.6956409477727","0.05812627249491242","29088.73154570459","11.181029034202036","31698884836.14248","0.006463995868758448","0.35609881961425294","0.596685473653827","2.251381978675652","3.656482896637544"
"0.13899749","0.015584054","0.158876532","66169425.70493054","0.45060225360538647","2120.8389471791243","0.05250184486647722","29944.764504314986","12.198465065890058","34672840465.17705","0.005518173249434085","0.3520795171510068","0.600577756732675","0.3154037356821434","0.5957611215506616"
"0.35570117","0.03619059","0.381081153","60034730.45077365","0.4151926161544779","1987.0144447778175","0.045482727724199805","34560.092127461314","11.120941173008362","33214266311.94221","0.00640480700499531","0.3470625024717582","0.6003254662275596","1.0989404590784766","1.206854534329843"
"0.41868954","0.047930017","1.030682817","53790642.74015153","0.4222307224470317","2007.7133037256958","0.06794249971995489","27195.992129570866","12.025857816973822","32959502237.224205","0.0060171779591773515","0.3442661235475621","0.6022418294291568","1.5972157538647462","1.9981004136641125"
"1.1438638","0.131911992","0.984821259","62524128.858358726","0.41363572901971074","1887.8465309359572","0.03997013946681993","31252.00320937686","13.62763909998611","29453180001.65105","0.005621047496816037","0.3537865373514137","0.6051959855464422","1.930845996429287","5.47528280757329"
"0.65117815","0.142586415","1.454621183","59649186.24438699","0.4241456716033311","2077.7377117553533","0.0656070169346422","28649.22054766151","12.417083650565523","36709247800.01858","0.00626327255091736","0.3465072608943325","0.6008017226178133","2.7104517046391603","7.917854177737029"
"0.51840465","0.060163945","0.847046949","66237715.9678647","0.44429891783969455","2041.9056742213734","0.03946997725251408","25581.068313345575","13.880537247051768","33240359513.586166","0.00558834355134652","0.3536819242693591","0.5986788739755392","2.1228193427094983","2.5141253971977613"
"0.17787247","0.014358432","0.19321667","53275140.66926104","0.43338082319359744","1853.4840297571334","0.06505024571918738","24931.055600031865","12.986805754866552","41246607248.700165","0.005486642159599598","0.3513736354659163","0.6047188113954082","0.4271376390641896","0.5224635814195769"
"0.26180433","0.037654252","0.300552159","54856821.31894155","0.4237541600962355","1855.0564617228836","0.04437781156032881","35273.30026326145","10.040173758951394","33790497486.72584","0.005832025489527559","0.3558366770524003","0.6014805572687995","0.8758743166805177","1.0215819953645953"
"1.1875606","0.104382114","1.59979975","61169867.95669759","0.41851324801351897","2010.514166707554","0.0587962584975852","32290.1295444815","12.32532623999595","38506104984.42135","0.005857909138313747","0.34447376329020907","0.6034729080459831","2.815153755605297","8.750070693023806"
"0.69831118","0.059291102","1.086062402","63372971.97843515","0.42982853767459006","1998.713667782834","0.0414553921378977","28641.5560840279","14.08088123558463","31464794096.64124","0.005611927838709752","0.34589701807003537","0.6052344635442598","2.2890020556816686","2.591229846227702"
"0.79120453","0.078554662","0.728565977","58948219.379793935","0.42482425217915215","1814.295911205909","0.05206644304599381","26906.351283560107","13.216235459581437","40891272361.25171","0.006556472622980967","0.3470064773126224","0.6023396473822609","2.1534368321346573","4.111624577564877"
"0.75372267","0.067627761","0.830474991","60742866.0682218","0.4384813465581864","1976.3205534176043","0.06871007289540675","24697.654085685088","13.077524395109437","36293964299.8103","0.006486793636583764","0.34678358009536076","0.597781883685668","1.8444087651323708","2.1660122301730995"
"0.72488454","0.070586509","1.211138895","62787942.84189686","0.43750983866894155","2136.1323868662844","0.054232039268470415","26997.892972500355","12.433377065238167","30544740926.591053","0.006006226911408348","0.3461176885018663","0.5957607059606698","2.445793189331892","5.779167983219664"
"0.31731654","0.06308228","0.545661823","64661561.38842225","0.44435104052218194","2030.1158998146655","0.05284430333308177","32196.0608401904","11.289810017488405","30134036063.308327","0.0058651638275611035","0.3510995090300801","0.5989400387132094","1.3830633955039526","2.3127896436224145"
"0.94274157","0.151202288","1.645810198","55274724.54245976","0.4467655236101499","2011.4277024766093","0.04184422063195105","31359.02785848677","10.428178611992413","31074894963.52606","0.006192398714159717","0.3564085522653661","0.5990625693837784","2.8158495612970564","9.448535783814211"
"0.48951101","0.053973209","0.450370119","61610831.84995117","0.4410326313030627","1904.716439577835","0.06052907684393997","29084.663166298036","12.570432085904166","33393854481.99544","0.005484144049788485","0.34427000168039273","0.6039508733671335","1.064399420243435","1.8297809954819728"
"0.57003209","0.060403513","0.63464929","55454901.31724482","0.44332490941751357","1970.8608451117198","0.04509959279427983","26929.082369353004","12.279402884065405","40483744854.85624","0.005825973979146543","0.3508646508211772","0.6023315682833366","1.9075032440357984","1.8532679439398965"
"0.78235797","0.091613467","2.011716119","60149876.48996027","0.4445316731002447","1944.8238501740382","0.04243954032845661","31843.479531718913","11.07804456661706","38060178642.869","0.006588677356985114","0.35423483558366714","0.5995038261369452","2.4192921737772437","2.7754335370160046"
"0.73293903","0.095438262","0.743428617","52888958.560926534","0.4248629785066697","1993.5398468212984","0.051382337387793124","32810.496699606294","10.378751959877354","28366980397.06597","0.006287528861382066","0.3450090857446856","0.6002353952428111","1.4835950624125231","3.1995134816765884"
"0.59310441","0.11098867","1.236361026","59150999.09187126","0.4374785447000054","1838.1496184633602","0.044070239831957285","30984.540670454127","11.407015851251455","31571731220.27786","0.0061395401452636195","0.34939537746090793","0.6009422008471196","2.340816455272203","5.938791788405451"
"0.1496472","0.016383153","0.254544665","54818652.414921075","0.4462731669441898","1929.5259693327118","0.03535329134042961","35610.96227507457","10.156011283704919","39169093141.34912","0.00583404420981945","0.3490104586343802","0.6050291009923703","0.5286316883627217","0.6287159269494047"
"0.15574814","0.013713734","0.188973404","51418728.851806454","0.4130272879502699","1771.1778148733652","0.06837719246266791","30496.833555696485","10.388033554084851","33957356663.659023","0.005744975029878921","0.3501103726476052","0.6036344409337167","0.3569070490669506","0.4892221910308312"
"0.74186805","0.109016696","0.968224946","68612826.09462546","0.4291023261097513","2046.793007367687","0.03464994514900088","31164.7809115141","14.001407829251994","34679583271.68687","0.006083362143405639","0.35662071053631844","0.6018895086115067","2.573449244317086","4.80713876767346"
"0.91183561","0.09060112","1.480773669","68382411.0940534","0.43051701950600185","2137.961285975747","0.03649499598572628","25664.863474210484","14.461733301308529","31440714064.903755","0.005755514540948915","0.3444841619075665","0.5970285000203268","2.592191221355349","4.351500918133416"
"0.32117351","0.027974793","0.434779333","61470082.14205168","0.4513731210406366","1895.7389817515796","0.0683890530250351","27804.97716447737","11.313109379289115","31271160591.94099","0.0059432251428960985","0.34926872917296786","0.6016626992559878","1.1434670876132076","1.006379431471019"
"0.93608011","0.094664849","0.922601274","54365751.99066378","0.4342397684025173","1854.6208174044841","0.057443304873376594","29410.875117283733","10.547841735198332","34792767360.64087","0.00618257498442741","0.3475897540771402","0.5978297587124115","2.2957125156963314","4.9137731032366805"
"0.097455477","0.008751484","0.115018308","55301458.833869204","0.4507116578218454","1960.7678724823684","0.058213380928835844","25329.84170412522","11.228494609107596","35686413971.76513","0.006311076531238813","0.3463655999380456","0.5966195142825858","0.1460764222537708","0.4073396888341901"
"0.1337614","0.010009872","0.073150908","54232928.752695724","0.4462014427815659","1795.2228376735134","0.03555340961667398","31139.42295329876","11.134110518748397","30566219778.353527","0.005912853297579754","0.350515681196589","0.6044677288527993","0.15630715659728725","0.21592550817444195"
"0.630716","0.12452147","1.083043362","66012223.60601204","0.4459570110483975","1848.3879780089035","0.0445323304525284","29379.852643485196","13.015553547468244","28221070303.09233","0.006039557875750185","0.349075611237109","0.602578229766359","2.788092212140126","4.884788272541914"
"0.68437823","0.09277858","1.147943707","64283403.31527665","0.43197023439638593","2084.9424133211537","0.04979897531002804","24542.068295691326","14.475440917353694","33764837706.46817","0.00563147916063377","0.3483874502372183","0.601856002540929","2.498509347692882","5.591473743676578"
"0.60474561","0.052943936","0.546692559","60619672.95754319","0.41822312813607926","2091.7706537463487","0.05788250227747378","26039.601860646402","12.792673911995669","38924963927.97851","0.0062038511089257155","0.35581401114164823","0.5959574751341717","2.0881671434528197","2.1430868439351816"
"0.3119455","0.041912518","0.433229619","58311582.938938774","0.4456694985787285","2132.1608751706517","0.05211349135691057","32097.087482507734","11.332674191683482","36098373605.20143","0.006321799358836987","0.3501076248866415","0.6026950478894567","1.1268074928011391","1.530538327359112"
"1.1806345","0.145883529","3.354924034","56241203.919577375","0.4199775980443755","1797.7781762208638","0.06986634656491826","28002.52963779203","12.504404435363622","28754950446.729782","0.006086685240476974","0.3524259623337073","0.6054402018898327","2.638802042247235","5.840156069167913"
"0.16131297","0.020300492","0.15472715","55765581.135830194","0.41624114610636026","1930.9238337589675","0.04823034424826371","32283.11054739135","10.540896743302044","27906156862.95093","0.0057250853119453415","0.34706676194612923","0.5969040870647608","0.31296227987654224","0.6686559616030999"
"0.73283563","0.132668707","1.126648292","67039059.53561353","0.4178782952393964","2055.635065295556","0.035126905045898986","31856.0149422461","12.268419426328304","39243363253.81471","0.006403206445893625","0.34690819520843363","0.5948811143669048","2.4528412626475986","7.420114768429969"
"0.73262238","0.080710607","1.240733619","58328601.428479806","0.4418597584576804","1780.6755215347616","0.05961869044384893","24919.15282200327","13.385618032015008","39536958401.12896","0.005865599229709898","0.34532652827531374","0.6031831023813976","2.352424169190074","3.7721847049567483"
"0.32226186","0.022244268","0.273914508","58348271.809945695","0.43021876436757045","2046.9028119372358","0.0604305786275278","28384.143463979097","10.772166542612393","35598848645.45271","0.0059386948103162035","0.344148571267269","0.5945084165968527","0.7872891248787889","0.8199185114419565"
"0.45518315","0.065028095","0.419634464","52587772.896134175","0.4146462004324408","1890.7157692208862","0.05607708259828864","27793.406279546","11.32838897992699","34619134194.41384","0.006454008117618297","0.3523049018521495","0.5989646573899915","1.5146120366583724","1.434570926352488"
"0.16730124","0.017887996","0.300142315","55059503.85886086","0.41825716022472154","1940.0287457010877","0.05210758169408848","28171.32222892096","10.985259974344741","38500126199.634384","0.005917321989571749","0.35610697719637635","0.5958819353644158","0.5995853837819302","0.8413857681755791"
"0.12404984","0.01047247","0.195627854","55922554.4600245","0.42827061064718785","1782.476823452454","0.06626768818703618","24202.468406382068","12.78537784724366","35922215531.701256","0.005698013622982705","0.35500350198168457","0.5974845272277658","0.33645891682801254","0.41507568971478487"
"0.80888205","0.08323195","0.8484596","56922629.89700811","0.41665000660947094","1830.8899105002668","0.043791385304886105","26028.658472740146","12.607071493897516","35104917729.482994","0.005809173836393761","0.35229485199721156","0.5976193919359235","2.1584747122199923","3.7105649044290008"
"0.37215884","0.055161614","0.793616694","59413641.74760543","0.42329374773428063","1934.724742778281","0.05284259011676753","33912.65867115736","11.117844458007111","38361882583.56744","0.0061022047593839055","0.35142143435624473","0.6025143604900671","1.5511239395966308","2.4246481646114737"
"0.55481864","0.042643825","0.431229197","55839893.33470683","0.4324836190030793","1776.5035157309906","0.039121526883045786","30187.344282901235","11.345144495955628","29241112278.03867","0.006253166178180821","0.35519688713050246","0.6019550731754687","1.4315528953676333","1.1518307937427454"
"0.18630519","0.033057468","0.320041436","65798388.49775244","0.41355488178063776","2043.2128734663168","0.031074989447007244","34345.09068731674","11.542321447555423","33510536820.768917","0.005648437420873806","0.3468564788021809","0.5953757914640563","0.8984095776712365","1.5102676477818882"
"0.4694407","0.080611371","0.790390591","59430090.112595886","0.4159515354451315","1861.685162564519","0.05294453236716488","30804.351587225232","13.076320071539131","38117916200.6003","0.00614765081082968","0.35344108383249223","0.6053122442823592","2.250222899292293","3.4230229370110563"
"0.80660224","0.082055223","0.903938785","58762161.11770872","0.4151227900604025","2034.3787078602381","0.04135472318991472","30103.324390235055","12.276156879635677","31170363906.825905","0.005962871557775584","0.3506574689926456","0.5992871284840399","2.816968413245363","4.1561301471717185"
"0.76032417","0.070744184","0.748854333","60689645.23602415","0.4321196286059593","2042.8861709580144","0.0343368013013824","30326.61640608782","11.306361110534322","33182447495.817295","0.0055883138981785195","0.3511327004083106","0.5956209086696632","2.382502581972966","2.634340556617096"
"1.0592486","0.119873829","2.549633178","60607108.77577346","0.42647966466391724","1969.8664169373913","0.03407106260566026","31785.209515817485","11.899648390443497","32996570815.96126","0.005866920901346081","0.3566964637375743","0.600681544511927","2.452562811526332","4.223944857066487"
"0.57429887","0.068608227","0.516016202","54181914.28758911","0.4405749403351438","1863.9549313843393","0.05540431870429272","26396.43690773825","12.568062856873757","34941810012.62397","0.005470035058394055","0.3448475146150877","0.6046417102117373","1.4282028259004114","2.115242272626597"
"0.58150298","0.065006174","0.869257363","60185445.4892362","0.4380769418841304","2038.0268974799444","0.047740276384095455","32200.19623177496","10.896760541079207","36587903149.685265","0.006047488134208696","0.34353235377792635","0.5975908244558024","1.953524864146293","3.77441252496623"
"0.18187005","0.023289747","0.25013047","52236833.9609498","0.4124448576405182","1902.791472202608","0.05004750400358622","31724.670610396883","10.033275203383837","34067987640.280945","0.006218383835575617","0.35420659188359827","0.5953272971941134","0.8911987700681805","0.7938871407464508"
"0.53527812","0.040464068","0.495516677","61753577.52923903","0.4284716692436189","1832.8819605959281","0.06151363231481602","32150.354684668706","11.510548161552041","39338220687.85589","0.005821046202056753","0.34374903464567863","0.6019294426352361","1.5591799215826403","1.4488808158307012"
"0.81501579","0.116149435","0.724240421","64832002.45290784","0.41336768816542957","1983.658387808371","0.04473871374231707","28110.81867688569","13.79689430181515","35283324697.91891","0.005946241065538944","0.35122077180376576","0.6000966511491554","2.7957461342162033","3.8972505728049027"
"0.62655622","0.063277305","0.862103185","54651716.14100468","0.4303334100151906","1815.7156699355312","0.04622087415463547","29810.844769221214","11.095643544407258","27640388215.73472","0.005719852499271566","0.3472513576565708","0.60072174601838","2.123952187357568","3.327332779948502"
"0.67318068","0.056352256","1.084868306","55885070.94258622","0.4338662336752329","1908.9967742003494","0.03703975442684995","34894.96000464657","10.382901779158155","33826294377.774704","0.005846664929530691","0.3508585079639503","0.6025918775263298","2.096784818356485","2.811934896774386"
"0.53256121","0.061235474","0.407443274","65406926.336285844","0.43008389426512633","1954.675074892415","0.06451246717043932","24300.793260135768","14.581891194266895","31201931735.28583","0.005415455314301854","0.34477683704295986","0.6046008081061145","1.2377971701639732","2.5543130041816213"
"0.37474997","0.055392575","0.769238333","66905949.953062065","0.44170761521073976","2155.2088825165506","0.0447502161145923","28744.646968752742","13.681060826533228","32944713451.72889","0.006507195588105049","0.34506158720034197","0.5990695292410476","1.3333864362145964","2.7261189370558285"
"0.51653728","0.034877087","0.549083579","52228441.007932454","0.41801621616281853","1817.9687358953297","0.04858285791726371","31713.01559625526","10.233860165490455","30964979734.772312","0.0059876731564619725","0.356360519428803","0.5994221285173771","1.4748875242826054","1.3030747029012044"
"0.48099015","0.085241703","0.790534847","53970015.52727327","0.4094305872381118","1932.6766684560957","0.04159424576786957","33093.87522194854","10.324105343708712","37649299843.22813","0.005626434751270153","0.3431317768814572","0.5953127013911153","1.90495447872928","4.33538497346422"
"0.65636151","0.099695386","1.102302886","59018026.0420137","0.4282450037226384","1909.259452474772","0.03491440514568393","26971.721752725032","13.292286039462912","36307247198.29425","0.005471942861280552","0.34794998845135455","0.6016485786760896","2.431736267310366","5.061329461772376"
"0.37465252","0.043769986","0.446880001","62015724.980147175","0.42245494195159294","2048.8647738912177","0.04104601480950659","28548.308617665552","12.926527613798081","29656360440.77362","0.006409638039346851","0.34615005962689444","0.5980402599162516","1.7639702591861024","1.6227340773951124"
"0.12892648","0.017986188","0.184445073","63746879.3844749","0.4352199613362481","2118.1054235747933","0.061885019679222636","27232.672163719402","13.485673404218375","28604659428.46746","0.005540283443910093","0.3469936080892466","0.6020242707581938","0.19779897089729928","0.6877087775713536"
"1.0702226","0.136175311","3.359310858","55872537.889647774","0.4226145098502936","1861.831506514864","0.04376299537425239","24321.713726581387","13.70462493026102","34978062268.23139","0.006256177297379545","0.34876125636224714","0.5981204854588448","2.7111522118059592","5.2397458344508525"
"0.50060129","0.054601054","0.403721366","53550090.32676218","0.4226629136852812","1873.5224498924092","0.0518851462226923","27010.529473819126","11.001854704063515","29721673889.88499","0.005770150108020506","0.3449510411595229","0.5958156871590985","1.144399812327352","1.6531795829809304"
"0.69997332","0.149705331","1.498056229","55735175.65036413","0.4124354795155922","1815.7158756995357","0.0675766526581213","30391.572917486115","11.449341039325436","31226544485.36391","0.006394944055595761","0.34963768654153976","0.6020537379690843","2.5674923862413874","7.783382014248998"
"0.40879035","0.044309888","0.700268639","52842276.03289832","0.4194332498205738","1819.1100822633184","0.06527589536666914","24487.676760856495","11.151177799362673","37173916888.00133","0.00545657322385511","0.3430745079138999","0.5942986450005469","1.6193273577135077","1.4667023155792824"
"0.60560462","0.046097861","0.566451199","55830221.18414667","0.4453129572821767","1792.5436226470206","0.04875848327957023","24677.51038983236","11.742192063713793","38210666855.83389","0.006051882753036278","0.3541904410966827","0.5958984466992893","1.5187324497486743","1.6949172044757579"
"0.45996114","0.063323337","0.680396872","62818064.545186855","0.41647233516523136","1981.1614787478231","0.043290776429720734","34655.9378496989","11.100887060856872","36763400547.81598","0.006137003924522745","0.3553346544365253","0.5993214812344934","1.8597628185311514","1.9766874479812795"
"0.38183617","0.040817881","0.538477186","58417751.395044744","0.41115253610862973","1860.8931518943164","0.04861458177121113","30870.908301074625","13.469467851448112","34163824142.06885","0.006214909111149483","0.3431418608677791","0.6053401129659202","1.5156190929723343","1.6357415761037206"
"0.59400763","0.051747387","0.800356947","55175477.09484468","0.4092771413049412","1940.9482797946612","0.05170505990546958","25005.807762273704","14.510241181288306","27668260953.279545","0.006104145667643141","0.3511822055103957","0.6056336723362573","2.156700148665362","1.8050076936375357"
"0.59590685","0.080271662","0.475998506","52074577.59789117","0.4120643751645323","1827.8210902383757","0.06658279369120745","30539.998160894353","10.714515560580525","38130032584.97524","0.006160983795906819","0.3516966630811878","0.6023328188162581","1.6810618912625988","3.033295023611915"
"0.71537893","0.105024135","1.347346389","68791097.176555","0.4405801523553933","2155.9505733709293","0.04694842110103192","32861.0031012556","13.93416431398838","28682384853.15395","0.0057823610091469226","0.34964746037751315","0.6029558509253122","2.2521044975395053","4.164254014946446"
"0.36946503","0.027400963","0.200361391","64113808.36575566","0.4497397133707864","2121.993183751125","0.03535776351127785","27048.48036467509","14.03355747418994","39322809415.25813","0.006161893724073485","0.3447523184679336","0.6038846330822509","0.8357978063641877","0.6175658565083321"
"0.73070229","0.144981499","1.149296006","62435156.580981165","0.4414967514126584","2093.6377443194065","0.03105379107603681","31594.066302888354","12.690025880974058","37024231131.23818","0.006021017076280985","0.34808537377229404","0.6022188439324513","3.0866592575096163","6.496892440677368"
"0.80109425","0.116455786","1.380557518","58289340.08877141","0.42724584119622094","1872.0500459262444","0.05760431737019704","26262.03683016518","11.813233150712964","33139894833.890453","0.00612819672180195","0.3515858478180414","0.5959779107306936","2.589015174941436","6.871825624818877"
"0.50254519","0.059099198","0.5684096","55559260.0572234","0.43287989863376086","1920.5915723420248","0.03578855763905927","27945.066828367075","11.228823557255259","34031611057.517746","0.006303528925692728","0.35264489027376994","0.5959902142561054","1.841223113941929","1.9928786328171637"
"0.83240921","0.111365514","1.151615361","65082409.48625709","0.436147387295413","2081.9775768388604","0.045499220447318675","34322.65805499038","11.269244047832657","29576176426.72525","0.006182097628844409","0.3527558421503012","0.5997374170542212","2.669893213842273","5.508647812421791"
"0.78894702","0.099709331","2.571862286","66606302.49589457","0.42143511460809696","2059.9504809552527","0.05929441600800712","29555.09957843974","14.0550503078426","32317891890.145115","0.005549731421280563","0.355354078441541","0.6049867205149492","2.661267903771975","3.3243212863484564"
"0.29036312","0.035567795","0.26924596","62680680.157676026","0.42872981072004324","1935.3416799368993","0.045759568744210805","28549.173119172516","12.79888776725294","28626529649.316154","0.006386510592560973","0.34517353567768694","0.5990927785505619","0.6201620965878527","1.1501439790556487"
"0.39843542","0.050685792","0.645267987","58727961.01000156","0.420336589636449","1857.5643474657384","0.05610982811361104","25651.126161091845","14.17720861607273","30521319549.368195","0.005485056214894242","0.3433238940958061","0.6050869713199148","1.4132330590699311","2.270457248688122"
"0.29953341","0.03811067","0.447097618","52052520.83369348","0.41578016280713204","1828.8841891752643","0.04628618841678639","24581.625366638877","13.183841404624014","35396073482.78159","0.006388943637555569","0.3508663894602047","0.6010614940110354","1.566917652992521","1.3679291029457328"
"0.74189362","0.061853285","0.857713196","59290332.65517323","0.42971301654533267","1926.7816294166819","0.0437707403609107","28847.745775171406","11.988554298117446","37254588414.41984","0.005908228772785004","0.35109517416129027","0.5990031257402717","2.4130773229344853","3.1130947434341945"
"0.69935941","0.098121691","0.655968584","62361237.01233052","0.41538487595975865","1966.4433307411346","0.043239594486119075","31641.855686714724","11.7754306310613","31010596530.620346","0.005984407566013898","0.34503862088032644","0.5968163514763652","2.4937413816502394","3.328609354387823"
"0.77100332","0.077489725","1.05765254","67203046.78811724","0.44766383982017555","2134.9618425599183","0.042818898148028924","29060.64952655481","13.329851846259304","35257598925.043045","0.0058823740073875195","0.3558769612821587","0.6009306986907108","2.8615694914123426","5.743636890915043"
"0.42081254","0.036145555","0.636584353","59273247.21866653","0.41097803812310574","1942.5276644974838","0.06655049132464991","25371.62218968951","13.657272675183092","36030487231.53564","0.0059461523135220205","0.35356037339629764","0.6004064617071347","1.6886553789314642","1.357789513650643"
"0.40319844","0.041676708","0.429579653","64485416.85829477","0.4308666770626437","1912.0210545912526","0.05882447288999675","30496.235640236933","11.049711896195898","30346410492.741932","0.006059529448236432","0.3515114700455749","0.5951457203741737","0.9853051388127715","1.4898496189528785"
"0.92095749","0.081143055","1.026788124","63823318.089884765","0.4100580031374963","2092.8995888137206","0.04281206733888848","26617.9383111173","14.529979101234613","40469302540.96121","0.00565129636351624","0.34891655325078563","0.604235187122572","2.2864568836067454","2.9924162603670927"
"0.74452138","0.050935655","0.402125292","61574104.77729894","0.4449622216319664","2080.1017204800833","0.060994675091636544","27976.146482428438","12.124353414728441","40673783375.31562","0.005929558621202124","0.3503394154755851","0.5998240390863184","1.7233688199011492","1.180973024535632"
"0.17963159","0.031839956","0.297266776","53444751.57118615","0.4266273358437566","1925.303024442803","0.053713894413329646","32423.670571346935","10.31535108321326","37001590268.1887","0.006130695815821624","0.35472477884743164","0.600258095102481","0.8485781941183506","1.2649724948423873"
"0.55520487","0.093891421","0.931680665","67064583.47551135","0.4372187754149068","1988.4919372637808","0.03433236568696402","33256.93078432006","11.224980747913799","35219142616.89971","0.0061095283660499424","0.3547473425975976","0.5953660958898689","2.5082576858971524","6.0617347865793345"
"0.68521276","0.085056422","0.864264171","64898105.04958286","0.416172143885407","2027.4217984500285","0.033131656277338405","25369.498747230704","14.401781498490044","38219007666.10036","0.006258948835297674","0.34928298971043253","0.5983148180577214","2.707570596945547","3.67013553122781"
"0.72208178","0.062653939","0.665101632","60711678.569642484","0.4205760235064556","1838.227430536613","0.05625604324814003","26966.209162161762","12.21263236295847","39945272265.87732","0.006492922599980203","0.3542081210060293","0.5964334199328554","1.9530308533677803","2.0701133425591505"
"0.69978036","0.089474206","2.146346257","67695977.0121861","0.4324218769443861","2060.36648141914","0.030613060546233764","34616.38490752176","12.107671174767312","32770153815.98229","0.005918581988641912","0.34810591276578456","0.5983023673906719","2.400145173404095","3.0318168702636226"
"0.6642725","0.056590578","0.381159831","63651783.041956015","0.42233202823063093","1987.0268563761388","0.03327441309848984","30252.719828389552","14.482300091219182","38282689556.7498","0.005864974847071759","0.3437165351595377","0.6059626004003048","1.3940353380884223","1.6120114121186597"
"0.18199184","0.029532764","0.344599893","54129763.62814288","0.4142806742025532","1899.2118481801933","0.05206295820173525","32827.84687170516","10.539915697751988","31805979547.032665","0.006011292654177199","0.35508745861309254","0.6000306010039692","0.6702708031963198","1.1489730991983325"
"0.64793186","0.073796008","1.187283974","60940288.907134734","0.417620972316363","2046.830097553032","0.032483780981107935","33089.68945608742","12.287341468435168","38266946420.66592","0.006369040518739464","0.3529242232483498","0.6012718527061588","2.4196862345121266","2.8779481518188463"
"0.66565189","0.057133219","0.792673731","64588537.606725805","0.440313790754131","1851.4914776023243","0.047960673033995385","31632.178273199628","11.289856389990277","34081682081.005108","0.0065408354548235365","0.35524882207844155","0.5977928068659949","2.1638920737823293","2.913213534338935"
"0.76227959","0.095954366","1.006999604","66259898.10041449","0.4369500556061608","2131.0354852913156","0.06485450094004142","31359.61076611028","11.582391534996907","33405723028.63665","0.006559816772345055","0.34963252820349455","0.5962947357604061","2.35146206521249","2.8110957428703722"
"1.2170015","0.109372493","1.588937562","67123537.26397996","0.43211335402663303","2105.7293699545","0.036035101682869615","30406.838016527843","13.00942695710305","29701727732.516403","0.005849368322849463","0.3525254591738564","0.5977520494687494","2.8725857889629425","11.775181897325249"
"0.78237903","0.066857766","1.197589101","60840559.41446233","0.43189189311791903","1902.0150080618214","0.0565029174607649","32588.762871475163","10.334144022119261","33545475535.859108","0.006407494752279454","0.34795081368311603","0.5953542946333448","2.1263287118103995","2.7435624619406105"
"0.71716634","0.076622912","0.796741254","59554604.053072974","0.42800488835553474","2032.3693624473456","0.037560823948449756","30028.422012093404","12.939154703869262","38561131315.86115","0.005412388368375899","0.3489445919424844","0.6039928832988897","2.2317098979640444","3.3358632149194434"
"0.35993566","0.047130511","0.561551356","65808831.52933705","0.43311911079935905","2068.9070181868615","0.06168767705053977","28839.96928846056","13.385779596251291","29310397971.85829","0.005408476401828403","0.34901306037135454","0.6030568603738431","1.105175831346208","2.1571453313552964"
"0.26640602","0.023346767","0.398140904","59812775.74886108","0.4251562794435295","1998.7310102997335","0.063720390597403","26169.823223019142","12.724585883545922","30404044974.553337","0.00556615257015558","0.3449778347447975","0.5984664408059664","0.6584156860928662","0.891093673893752"
"0.28002015","0.053053878","0.422872306","61044304.82753003","0.4502590838225904","1923.920774514079","0.06647667296190714","29259.00803383642","11.55635381833012","38406905636.81734","0.0059309705848291285","0.348529186926139","0.6030924740515982","1.4100141173275966","1.5955976804219445"
"0.67623039","0.099402193","1.126281284","51723992.14461054","0.44923234837103004","1779.2491826870883","0.06648198844917085","25422.641439000952","10.39595350868446","28028685170.106003","0.005649848068024031","0.34620063589712546","0.5988122045550214","2.234006294613737","4.570400800538245"
"0.58126944","0.055678712","0.711367065","62060520.89728446","0.42313684911145705","2104.159677250179","0.03140255650829789","32736.448725803486","12.558451957707758","39302038943.67434","0.005614079340146465","0.34649499784802407","0.6013706264329017","2.553061505038857","2.469231351848627"
"0.24715509","0.033852669","0.349195405","66396721.472339645","0.4210255186723641","2107.1552569615033","0.031128160983235537","28987.93907382973","14.256017059245897","37067979553.50372","0.0056798802696671","0.3430142796706868","0.6009890805360334","0.9350651810409195","1.349783082532718"
"0.66415286","0.080825706","1.835454172","63789879.98335279","0.42578872079992997","1835.6075905040636","0.06048763469066822","26549.63766342293","13.936289818398267","32094029201.514946","0.005782283983678836","0.35369739892203317","0.6041968731886189","2.222960928648469","2.656527305121461"
"0.16902108","0.022445911","0.177593987","68094129.3303274","0.4257857174273771","2077.7684960540178","0.03905281941261891","30848.094970916438","14.430759086050386","36568905585.386925","0.00633345244687632","0.3458146065211355","0.6052579597682168","0.39043516060080163","0.7926366263010772"
"0.54819372","0.098170834","1.108984571","61542277.79695496","0.44267005298240397","2054.1049922921793","0.03910859655887443","26896.81851486004","13.7412019310443","36932366520.318275","0.0057825124394713595","0.34716787530562004","0.6034649624917549","2.440052470263468","5.196830441966391"
"0.64588215","0.071843701","1.086412046","64320395.11058058","0.41707713392326934","1940.5259860169342","0.05322680153750124","24752.364637299015","14.245691893972564","28697051302.344177","0.006261596766185124","0.34701030898079227","0.5978102456305743","2.298869870638473","3.20308658004607"
"0.74731144","0.052635334","0.623826922","53915934.721665815","0.4239383134964332","1833.2031756453594","0.040674846912826426","27627.971701749055","12.568530169554974","27733808671.79756","0.005638299429569821","0.3478440832920138","0.6037737523912173","1.848012596219318","1.4366954785722756"
"0.60079212","0.092881806","0.834481687","62965811.86315792","0.4304140029919852","2147.909185468475","0.05203207821984662","32575.538475120113","10.458699768620496","39692982086.03411","0.005507085790620777","0.3439285224682904","0.5942697570458292","2.4503331716775563","3.5773900097222873"
"0.99776085","0.100520628","1.651241994","62624786.040186524","0.4197319127622829","1955.8437664092148","0.0387156685787761","29340.82797025878","11.922339422496965","32428943287.78693","0.006467902509964016","0.35564866297119835","0.5952293037112344","2.5090745117731714","4.031450358808921"
"0.085507538","0.007244663","0.106713499","58390810.44147651","0.43333770629819385","1942.0128979787364","0.04060868480577037","25157.992923242942","12.721422520147389","36382194065.196495","0.006283827906474345","0.3528285399183511","0.5959415522729952","0.1760304232912515","0.2863505738868598"
"0.85402747","0.105762085","0.646378591","57686434.92244262","0.4190166521442577","1956.564166113706","0.04036391655447293","31922.3707874376","10.764724028402254","27803710369.55871","0.005801104407459261","0.34721399096445377","0.5959425946898445","2.182967198711459","7.9735708038829065"
"0.13257556","0.011785559","0.146963658","62709852.108870186","0.4462681701225468","1994.0319385283951","0.06176896249380902","31728.16563541201","10.473063192346487","40592169356.35155","0.005907416707680206","0.35188719063340934","0.5964967633183679","0.17343572303430893","0.47899959291687594"
"0.26378355","0.028712292","0.495558696","60083762.73412349","0.4256240884964191","1935.101614252873","0.04457288938991077","32333.52047325072","11.447211587519007","29694942367.620342","0.005543428954609636","0.3472737534121092","0.6005649120893751","0.8986098282517471","1.0958691752992127"
"0.069917585","0.013003356","0.119080712","55479885.2937469","0.4322957685034937","1773.7954514388439","0.03958673824393209","35160.96680600997","10.831629916097407","30469424543.876617","0.005632604632304823","0.3510198818870465","0.605828145853095","0.15314186144936653","0.5039358779952378"
"0.11185166","0.015958775","0.191787388","63963820.000210635","0.43058066876541096","2028.967315108891","0.05874601584794424","25234.07303912657","14.405598038993144","28675176815.959232","0.0064646661670385045","0.34387282044755013","0.6034227288539176","0.2486152236854063","0.6468208966866694"
"0.66128269","0.062653446","0.766562779","54298859.911387235","0.4260212590487815","1774.8892392096961","0.05844542524953081","32501.526703728865","10.27620997643022","33879995698.49941","0.006482541102324747","0.34545905452413683","0.5999692217470773","2.3052419145513525","2.689857615299899"
"0.28760556","0.032466361","0.323018552","59396572.842747405","0.43022978922368504","2133.5855958076977","0.05662929210537836","29665.788992387163","11.706771606942686","35118316447.61196","0.005926021841090366","0.3435856919544085","0.597743836562803","0.7725755551005812","1.2421879975021013"
"0.5565107","0.070213869","1.6419936","57418422.16075727","0.41040193783222384","1949.7051208815928","0.04820996485180445","26259.802296442667","13.519978304219444","35098086199.7965","0.006311839072525195","0.34715096139983137","0.5995845774724307","2.219556128173231","2.6019237497981917"
"0.64251943","0.089320215","0.722561361","60108129.03014528","0.4252934891790897","2014.7373657015244","0.056856026571868036","26628.995568352475","12.963710305175232","34747429264.87523","0.006133008936058818","0.3496129110806737","0.5992921367547884","1.842603780745665","2.999470389978066"
"0.15488359","0.024455237","0.28801752","68427036.75360505","0.43505322373056493","1959.2465687164308","0.043190216565952","29779.170469154884","13.66707571995041","37420812214.87987","0.006332431767697391","0.3540193790639176","0.6002277127950827","0.49982534083297353","1.0573697322278162"
"0.21250451","0.027304484","0.3302327","55808826.26424996","0.41777821463680737","1943.6635007439909","0.0511094229557658","25721.58227790541","12.43099306817969","38243691162.87168","0.006264700380163355","0.34923823143255595","0.5966374554162509","1.1071839441423392","1.0968117458844662"
"0.37979844","0.029735423","0.381235116","58922468.67445129","0.4270133058646412","2030.148013128658","0.05566259381607966","33495.318760667724","10.50643241448797","37004424924.4948","0.005519811854541907","0.35100963711032657","0.5986369975778487","1.2735424902987795","1.138867747172746"
"0.8577945","0.102869068","1.066144716","51561054.614031345","0.4113016654742873","1776.7135637552146","0.06823323052795253","34694.96461066604","10.251295637857003","32058490177.480618","0.00575427429470643","0.3452465823801141","0.6057169038303859","2.315017087564193","2.608103400172263"
"0.24427162","0.026338737","0.344826787","52079752.980723895","0.409193632948653","1812.4198094693202","0.05656094741445196","27424.869711991232","11.174051514590962","29457970728.46128","0.005895454397206824","0.34442188403261564","0.5968761823215541","0.7682403328951395","0.9735193720986499"
"0.61792464","0.068603757","1.115000006","60440185.816307716","0.42923988192713236","1922.2844595022814","0.046807738519384766","25053.1873508112","13.414588438534805","34174262730.161446","0.006502017134434559","0.3471751377803333","0.5970151101221631","2.206476378636105","2.4171730966576552"
"0.468062","0.052689976","0.361458091","58370220.96760275","0.4148613304181702","1893.5746128918086","0.04976477442046585","26927.69784019845","11.67034257658096","40744444465.40513","0.006033077199753075","0.35464688432527935","0.5947828246357992","1.4202466759255994","2.0296288855657574"
"0.52788463","0.077625375","1.00677034","57718714.965027906","0.42152857096171426","2029.8651897251189","0.06481314684832373","28451.123157556103","11.977295196270852","33294561229.97479","0.006084224686218976","0.3502502525830235","0.5999703632024482","1.8533182918928859","2.9740037382745275"
"0.60051444","0.047927519","0.358358093","65223350.75199589","0.43734952426788987","1982.632360495324","0.06457422997439127","34141.18405679328","10.453491507903161","30860386757.110966","0.005865961549789448","0.35152346900342135","0.5972868926838303","1.3245256595515351","1.0921486972162224"
"0.21808228","0.043058069","0.374487737","65323580.5376627","0.4120229859708574","2053.447041073662","0.041837352664745295","30574.65615118837","13.874835777245238","32230563380.47346","0.005454274963435678","0.3435519677296069","0.6026770743029289","0.903936015616927","1.6088688672537776"
"0.816683","0.119631858","1.359183762","63178378.524669774","0.4423883752281427","2023.8680985657636","0.06931861551054896","26487.486797454192","12.648663777993285","29412661094.65067","0.0054064716261529285","0.344220489022701","0.6007664578540496","2.6064286708280977","6.459082425107276"
"0.26451615","0.031726317","0.312185298","57618144.73864101","0.4364520941119547","2138.391564054159","0.031472470115238814","29983.49218203699","10.889640290775038","30301373491.147884","0.005790494706151622","0.34819167331548995","0.5945254466070763","0.9282507344536547","1.1888371026775135"
"0.41447597","0.050602575","0.526904702","58650205.38403755","0.4268896494263653","2016.7557579364877","0.047602639554052514","28608.013703777804","11.140160930623411","30966778640.53708","0.00587664771200809","0.3521452661733599","0.595014058054566","1.4301204267424197","1.7386046576392307"
"0.65087383","0.07874153","1.779182899","52382153.06282815","0.4257192434597971","1901.8930989608562","0.06923276891890306","25217.543844082047","11.03083539683646","31428448121.509468","0.0063200904199581034","0.3464882227133231","0.5963450219210765","2.131498564768876","2.358210830506607"
"0.90053411","0.115078974","0.883119211","52821967.036219254","0.43149768250252873","1804.7284612434112","0.06725420512761421","26936.49125644492","10.65638875298075","40382141577.6982","0.006041921539882204","0.3539805335380734","0.5987544365567026","1.7026507168558305","3.8072981699872237"
"0.67544072","0.133121781","1.238844127","62489490.305854104","0.4253418716481289","1995.2123007089579","0.05160815916002443","25754.927547215997","14.317376864444944","36485408370.7191","0.005787436402406094","0.35144914786590903","0.6044586145339638","2.5344329346424836","6.529855538193631"
"0.35606092","0.045261948","0.539489337","60504423.40650119","0.41937508346016306","1838.5466159232506","0.057581661653347556","25554.919329506294","13.414633011467144","31320940312.138176","0.006239523836492003","0.3434674062251596","0.5986199263283626","1.6728432218418083","1.6842567418528933"
"0.45234209","0.032347916","0.385590948","55089562.49126725","0.42590449749584824","1804.4963012200487","0.05001189221274569","26119.57464071623","13.009980079289925","39553095155.22549","0.00549666224354682","0.34822399165794476","0.6038756109293479","1.262508804138215","1.0650156889282214"
"0.68284656","0.082352172","0.657117069","54776960.13452675","0.42547020955627346","1806.1922045893634","0.06692895052405128","27128.438902007852","11.388243744548948","28079349193.366486","0.005877962690132563","0.3536893598627374","0.6003608651294134","1.909521986958898","2.259898000297112"
"0.62607813","0.063939906","1.055317705","68353602.30419995","0.4502001542752172","2126.206766844359","0.04980021653620013","25982.76617188871","14.227505325399086","40625534887.08854","0.006076640980063743","0.35246429874498486","0.6010074993507208","2.2954987841902654","2.594298252091377"
"0.41562009","0.045960592","0.749208521","61732876.040504456","0.4166791104180445","1843.3628580268949","0.037666430212863936","27754.866753369864","12.988012326850411","29998526594.66271","0.005571604421872614","0.3468234996431411","0.598168209951132","1.7268400690315655","1.7090564898337806"
"0.76920305","0.079427285","0.624511066","55502761.67954183","0.41766304342514776","2091.1019434981613","0.05551506070869469","31288.722078831972","11.34053380637174","28187240963.006317","0.005520790140379481","0.34357371990080415","0.6003259611134569","2.0719488682999967","4.728887191277312"
"0.22700583","0.028404306","0.336150933","51055796.083050154","0.4312457691096422","1771.5163220573736","0.0654939184093229","28807.26050729761","9.921099269568943","35526407428.57256","0.005953280689750591","0.34653503058688584","0.600303898616461","0.6363021558827336","1.1418674194633547"
"0.20031126","0.016498756","0.280273076","59594719.060099505","0.416844643777486","2026.4114223974798","0.045779425915658645","30691.85421832084","12.120966832818231","30187440533.94987","0.0056458795323781","0.34740569762552587","0.5997941233457308","0.4570618654504374","0.6720395053172756"
"0.14876644","0.028785459","0.254332608","63620277.60725347","0.41990927638165093","2010.5861165829872","0.054589427369855614","27765.50422898215","13.93169050316431","34774186313.39501","0.005936632720474715","0.34847211576903514","0.6034182341390736","0.4778968881792673","1.0847209956870798"
"0.19160499","0.031732829","0.332868813","63934542.46552149","0.4461629794111828","2014.811114666733","0.043003648251094415","24451.401711796607","14.222297657559963","37932120258.224655","0.005994976307121482","0.3540146417315281","0.6002116583630963","0.8825996830200296","1.351389843709205"
"0.26066801","0.024553402","0.314020184","68659836.52222042","0.4312958543428147","2133.021946539834","0.0672508200111774","28243.402041747766","14.490891961527653","34781716228.66465","0.0063333346653433225","0.34859952316881965","0.6049373703777811","0.8986692075751578","0.7692333677839303"
"0.83843981","0.091685729","0.961747078","57433207.992275015","0.4365368528764463","1889.1364285609907","0.047112709878442086","27534.04058101842","12.985758068247133","28292911008.033497","0.00646660582769298","0.35143749856251316","0.6039986010474495","2.2768592457878247","3.4273731024179916"
"0.51676579","0.065601107","1.541523769","54468902.13178993","0.4404578268377517","1859.8853767559106","0.050616693552603155","29144.28242439222","11.573605891393946","27681165946.113487","0.005955652281532809","0.3462775553652781","0.6035975424582894","2.0042873316724172","2.4248473091459957"
"0.21358942","0.031332388","0.245866557","67648176.03066911","0.4471446116044997","2142.0903656417113","0.041316202424636544","26913.351089999993","14.161886758914225","39620967834.298035","0.0055748320200345826","0.3527865989154355","0.6018759378593536","0.6347095316634559","1.040093059573788"
"0.29121778","0.059912204","0.646854692","55677447.612654045","0.42143978611029836","1947.116666631611","0.048159575823244746","25813.65937596297","12.17490175422379","37124543990.99997","0.006288682420102994","0.3524011147800479","0.5962651561192586","1.5797033377899499","2.3777949575017265"
"0.17520025","0.019636845","0.308708295","62189190.44088066","0.4323914300363595","2041.5784980132537","0.059028446886772834","31467.524585384253","12.020030450005196","39645352604.01479","0.006141894331749764","0.34948028321859603","0.6021173263658997","0.43495215913069774","0.7396369235778905"
"0.43655816","0.034553122","0.451584035","57965599.211085536","0.42063726374319027","2051.7495453866704","0.05355216222174892","27030.70485571867","11.485202984681067","30067386555.94845","0.006135334912815978","0.34861799431424123","0.5945329986790483","1.4632489606514545","1.3013766331561674"
"0.9724681","0.145844402","1.301432874","66080816.86528344","0.4165118866588209","1934.6305293841142","0.05772217409497999","28072.980171611547","14.379326082135774","35479493105.737404","0.006005763289074287","0.3486378413190223","0.6052515045933494","2.768123043797147","6.493986218136151"
"0.14170944","0.017567112","0.326507092","60922488.574001215","0.41549144482292877","1920.0338007152595","0.04898114513283617","28872.949756042257","13.065783920545712","32053086678.487778","0.005725353558470189","0.34890918058632964","0.6016561241105419","0.5791455435465936","0.9679115198165918"
"0.86491492","0.073162613","1.357469358","52712232.01463827","0.42608879874846356","1808.067738130955","0.06612522116301586","27399.135992935247","10.520001746035481","38248989381.81338","0.006359452383741784","0.35071560680681274","0.5971511828413341","2.095875863211721","2.899139065470682"
"0.1509214","0.016833101","0.117015103","57958803.22376821","0.44990501229388996","1963.1136276772254","0.05044881431375858","25483.58979796934","13.17882997210786","28050033354.05567","0.005890840441924337","0.34811384669166234","0.6035425764726168","0.17006766916809837","0.5662639517161386"
"0.45841326","0.067981715","0.984470844","60803773.04692598","0.4252306161642561","1833.4188173500088","0.04034973823457416","28839.525959398194","12.80649547017121","38859248717.19666","0.006495707510823142","0.3517075006715902","0.6011535226178855","1.878731881859505","2.7068620965675043"
"0.4992774","0.038273661","0.647055321","54733642.17335098","0.43904966403429124","1820.9749636130255","0.048359336022342624","25224.330068172094","12.277493066961283","35442215911.61821","0.005750228782048645","0.35064202724086874","0.5997666472722093","1.483605038405555","1.4666395828179661"
"0.59250592","0.116919519","0.924359123","62004052.47323187","0.4352882756011561","2042.8238100162444","0.06509766838955658","32836.84086735628","11.336875464137544","30509453180.974537","0.005895386204427047","0.3480006501719229","0.602273998949376","2.9137412382453394","4.359571351593276"
"0.21847898","0.030895243","0.360407436","53037346.24493158","0.40966744168353375","1855.605129338867","0.05924037229110827","28899.378939882205","12.40603695196325","30603315215.46497","0.005654573852818907","0.3458872435057751","0.6043530863380664","0.8820422942315925","1.155439135469165"
"0.28439753","0.029952016","0.313721323","62552700.48660818","0.4350461520449977","2039.5492354307173","0.0500736727570393","28940.086471508646","12.957707166355718","36270243008.159615","0.00574871997181361","0.3471309028930634","0.6021402839133226","1.0607840481074677","1.0498479446650815"
"0.15344531","0.020720514","0.211332908","67986652.90182284","0.4494719268973609","2029.1444004709429","0.033244004837552105","24851.013633233582","14.2658009832966","35716940823.87295","0.0057008721223782855","0.35101781033873375","0.5974034976840448","0.3645058022436989","0.8376873566729133"
"0.59903623","0.07647048","1.804728699","65766954.17168469","0.4199825307152792","2045.529641234443","0.034225541951358546","26942.33096481665","14.029031067835989","30779940451.344833","0.006211761276670917","0.3521687531036451","0.598004766278704","2.3437906932577053","2.7528426328744837"
"1.2893232","0.106658194","0.718548607","62992572.63062758","0.4338262579885454","2041.035228933941","0.04986588113988078","26913.353194275354","13.19023152742795","32417178064.380207","0.00588690009823211","0.35463148118428434","0.5997278135626645","1.8590043727574204","3.7911382294799276"
"0.97781583","0.112145769","1.484606093","58095575.15246706","0.42326235719463834","1788.5992582358067","0.0669874963133215","28715.27636777211","11.975379056535349","40914720830.09118","0.005871481467862215","0.3467974793751763","0.6028552873771034","2.5342445629900925","8.24323832369782"
"0.7399995","0.080963146","1.354825269","56131034.18083284","0.4233007643170643","1819.9492699312257","0.04902487760603595","27194.718446183055","12.707808690101862","29644116102.957504","0.005461921612161029","0.3555058541956571","0.6035917799677565","2.4471988808132363","3.022578328286508"
"0.41064301","0.03285462","0.436632258","54694348.96063234","0.411904637790656","1977.2504467566584","0.06881840442025586","25439.681300054606","13.498936376582614","38039275679.70232","0.006026723245250103","0.34979696376498304","0.6037754929755368","1.34864832880925","1.1750955686383937"
"0.11258588","0.013153344","0.108786912","62575265.99130351","0.42249708236479583","2003.897637945744","0.041814055659436085","25319.257521824406","13.736443363157031","36901223328.00416","0.0062374848144023595","0.3519735179022309","0.5968328562612347","0.27090268504573267","0.40736498250398945"
"0.84102092","0.099240363","1.785849029","53668115.24982485","0.42542371227555176","1811.9538897352554","0.051602267306692796","28751.753788770537","11.488359412807382","33815502119.573433","0.005554940098838543","0.3446973102923129","0.6023170590694061","2.548137084755057","4.906792978777322"
"0.26327815","0.022652373","0.333512627","54997427.34278448","0.4154023241853468","2011.2574565224418","0.06881941794317994","27971.3677021509","11.009527193055549","34209626977.363094","0.006244941057580247","0.3539171282369297","0.5966886412611522","0.8767692070446428","0.77339081714093"
"0.93216486","0.125005985","0.752598562","54080969.52303509","0.42173835974598844","1845.3913682824552","0.06311320566936024","24557.418427562247","13.121594281205587","30416728080.21875","0.005787097934626497","0.3455767963843791","0.6005927511704807","2.151955935072893","9.09078834954622"
"0.57590379","0.051961282","0.632216917","55469079.42297791","0.41579734915542543","1833.7674085026533","0.06354323583325025","28355.999689252072","11.505604088177295","34570620654.94426","0.006323016562679981","0.3514728200087261","0.5993514314424346","1.4468857272559472","1.698851941387754"
"0.78997518","0.06101644","0.606650015","59560808.95131157","0.44860018921255707","1833.8544962328813","0.04630384256533075","32615.309509205184","11.091711421649304","28129111663.299694","0.005907788935314351","0.3557365648040887","0.604263378204471","1.866631308655091","1.6545934076680147"
"0.58067555","0.102918225","0.958181827","57141006.669005826","0.4474159412749253","1863.5766395003448","0.03954694515625469","35678.60468225598","9.840324942183974","31045288351.185154","0.006307532973363258","0.35188171963845793","0.5994386900576818","2.009831317707007","5.7312745829385126"
"0.6577658","0.108133986","1.148059074","51886342.65503542","0.4348912073034397","1967.7107844735706","0.04349122646965389","31530.588027151025","10.075710672820135","39270894042.19048","0.005683365446124108","0.3527451433779727","0.5986744120716627","2.7205921646027895","6.881887492050165"
"0.29187974","0.027340623","0.349523718","56753036.91672355","0.42687919247427464","1881.860607219167","0.06513927113842627","27700.44962433303","10.857716992285399","34402865617.3785","0.006270223939392952","0.34514260248708434","0.5952987934438686","0.9987393757836633","0.7539819036339953"
"0.7847959","0.067550296","0.71732201","53697106.774809636","0.4259902835621274","1854.2338708420575","0.03887672210327153","34862.152637666964","10.314508086243185","35668049438.19309","0.006140743751833717","0.3505367519809274","0.6032765868074834","2.097541372908271","2.317239195416071"
"1.0293","0.126163942","2.882235827","54215066.23514267","0.40900724825254486","2059.485694572973","0.04655527349474211","31468.336831509183","12.354941128413987","33813689072.339443","0.00580106178951148","0.34641658648842943","0.603288433331796","2.7230698770882698","4.575577737873079"
"0.43704694","0.059335874","0.478402648","63285175.986560196","0.44845353843584984","2115.6394880393386","0.050427491105637996","33198.08652524093","10.358250574205933","37096490844.05107","0.00604823706320828","0.35290340515658436","0.5958634277663863","1.2985328033500538","2.0046085298109326"
"0.83092563","0.082361155","1.147830433","67391472.96078002","0.4275251681920546","2147.301432396369","0.03944194052355775","30684.62728008618","13.439366177311932","34190907131.411716","0.0060028663810582986","0.34868661471501805","0.598808141321921","2.292305935724504","6.992126380195905"
"0.17122921","0.022075929","0.224656932","62586571.879421726","0.42753240037538476","2013.8430342268898","0.04880942723464636","29642.086493932187","12.17548193256645","30988854433.83937","0.0064199552973397776","0.3543454084637926","0.5981115660850794","0.6838290913522443","0.7424483296733155"
"0.80384889","0.06419779","0.85098742","56451455.39169948","0.4181195947635244","1855.3190324113234","0.0671191503513247","28720.91335322077","11.760457208864182","29887519754.866642","0.005864032297875706","0.35192438590988656","0.601861961118182","2.4301703914026085","2.6009739523754014"
"0.45689201","0.065306637","0.426567742","55544594.54967664","0.43506178409737256","2026.831864886188","0.06513699974522276","30144.150620751843","10.106468512698441","31794539005.272953","0.00651288957750462","0.3553894375418033","0.594907270631905","1.369351584996441","1.4818191221671895"
"0.70522937","0.072385251","0.980260381","51475785.00267403","0.4092840522291006","1774.411544168132","0.06482232305852365","33969.95646233188","10.244402047202447","31611800968.148888","0.00627238180647887","0.35329223493539286","0.6044813327485258","2.447076727157225","3.5996718044189224"
"0.8528743","0.07340862","1.080999572","55982292.47929344","0.4282270511048693","1894.0519607438773","0.046338917238982424","35405.678574123376","10.593183683634706","30597539488.911636","0.00593495745834642","0.35639399267699007","0.60542416552498","2.429146191553656","2.325911438407348"
"0.52380394","0.06202832","0.392432655","51709644.7133739","0.42747502028778306","1983.7318491276671","0.05522197575535405","32564.24174236078","9.930219714722336","40504618376.384514","0.005499493505154092","0.3513653248370776","0.5986306631438043","1.4414595907481491","1.7492284824487467"
"0.30236134","0.037925036","0.610039329","51752660.806262314","0.42486652649773615","1978.326771147129","0.05916997347685955","29902.998664876675","10.126260405504896","27848548758.146244","0.005439257734339892","0.35677245861658485","0.5983409124812084","1.0630680828871817","1.665235551634709"
"0.62127892","0.055168202","0.941546015","64868912.03172874","0.4283650985418892","1915.1820546917515","0.053254320827941355","27387.50795577869","13.50003988556047","41086498997.23629","0.006510217024829177","0.3498191248810107","0.6003194136350645","2.1973542205038723","2.9764379676827444"
"0.31624472","0.062119278","0.490000599","63062836.02025946","0.4154709131630046","1986.8271246275358","0.0504030330326977","26716.839051421284","13.735602020220087","28988166592.925774","0.006214044790110038","0.3500672138499901","0.5993503195888885","1.8558516030599084","1.9172823804548427"
"0.11352571","0.019340081","0.189945672","59626973.14656827","0.42396130309663493","1856.3432690905295","0.037745181686684635","26146.05966853499","12.969376100888656","36207008085.62395","0.005533735482074069","0.3434236379156352","0.5973303967152535","0.41427677481565756","0.7964922607151873"
"0.80879061","0.076104644","0.97338457","54847613.505486146","0.444898858041327","1971.140802595353","0.06692121059618766","25945.869821531276","11.184548065453095","34510763808.42935","0.0055861812721103256","0.34905212101261024","0.5983140224184871","2.609267724737499","3.6458312434071973"
"0.32502466","0.029918475","0.316833016","67337699.61263798","0.43252737353674264","2130.475081028457","0.06884933424182763","30197.48593876615","12.462974754135736","36420435410.755196","0.006446974831549094","0.3538870500643086","0.5984782533007008","0.8459764583791768","1.0433588939737422"
"0.59526588","0.075353562","1.923245303","57093313.30016889","0.43193189539631743","1922.2293247556695","0.04333407680638837","34149.48691526044","10.857392479947643","34143578128.134655","0.006264255272129971","0.34969301323604574","0.6031163922719659","2.298310631173583","2.5135102398403335"
"0.44157331","0.053758728","0.406304086","52420843.398235396","0.44348235608130127","1810.3274207547129","0.04983445225321903","31439.454678932085","9.890577613109567","38973830737.464066","0.005861892480458277","0.3539490151066219","0.5972692199681109","1.2742872425083753","1.6074063564764558"
"0.54676468","0.096829753","0.803150936","59477382.94577998","0.44422547505273996","1872.7861348150586","0.0633153578475819","33432.6750174807","10.18721986656846","30265254577.394695","0.005658005505165599","0.34657337235246427","0.5993536742993469","2.038891714278968","3.4685215615532554"
"0.079201061","0.008311066","0.139037178","66510993.752412155","0.42956769727671607","2008.6403264511719","0.05182320969889394","34335.409074271345","11.886738017990234","31060785948.969738","0.006055379578530496","0.34555176867973425","0.6014946482485676","0.16060736798990663","0.3398247629385431"
"0.18121595","0.014268691","0.184792787","64468426.77878962","0.41503581141021806","2044.17585868538","0.05602731432607927","28063.305437240266","13.124518554077907","30432468868.075","0.005494201873706318","0.3444157309084548","0.5974947677370448","0.39023964393172456","0.5780261416207035"
"0.74456871","0.107109097","0.89125589","66799593.006956965","0.4435885046661078","2079.382304783754","0.044077367716256345","27013.43607266761","14.330648464375194","28262098342.569508","0.005717107787219262","0.3470656385841622","0.6043799674366862","2.4034234313990748","4.113396093906405"
"1.1608481","0.143264762","2.655429802","62599328.037277594","0.4250343742173996","2095.980660019099","0.03312981360323628","34169.49556545411","12.371148983785268","28445416292.89768","0.0056269473007061165","0.3546423312007469","0.6039407778034984","2.8834065716464865","10.513216434478167"
"0.50523761","0.0439746","0.698845127","53155916.55616406","0.4114950315202714","1963.515747028528","0.0667324760330124","32587.5548172682","10.192163634907871","35142903733.864494","0.005425485699991243","0.3506064371139979","0.5988295860252522","1.879548572583884","1.5091644518010487"
"0.34541024","0.042125739","0.245727257","54812701.19421718","0.4495767724308373","1777.6558999296626","0.05467794133646164","29077.655814276513","9.983358125979647","30874953144.39642","0.006392771260500918","0.35064367539098595","0.5953078538213713","0.7033994019781415","1.0849522948301804"
"0.28658487","0.042484906","0.612523892","56652219.19940575","0.4390308148730808","2059.730275354404","0.06960541132213824","30484.052547004267","10.456892215062393","30234057726.497547","0.005737175215823509","0.35268191966016454","0.5994776033541978","1.0227787249565092","1.9473756518932215"
"0.28525882","0.022603695","0.383004598","57491252.39352588","0.42993006774627013","1803.8439660910465","0.06546155075290701","31797.42685457015","10.985409819209437","38624137752.85164","0.006062466440394257","0.3485660962768463","0.6030290068675243","0.7410010938561031","0.824974012441643"
"0.20498724","0.04009631","0.351278589","58254880.79739722","0.44442824652431107","1800.6504113873398","0.05771369307073929","34128.080836789224","10.540183773823372","39975291500.95998","0.006048985124498577","0.3538022621450755","0.6046142286262517","0.7899352435154317","1.3461953407507439"
"0.25371268","0.043098958","0.424871944","52313631.12615364","0.4429757647998164","1803.1277283561626","0.06587676776161347","30706.681964612344","10.420844096051843","37834628912.51703","0.005522622449542973","0.3470355905163278","0.6047279408324109","1.207890948679167","1.6140644551022618"
"0.26457172","0.02551506","0.304074288","60809403.49916705","0.44119449476047573","2108.2882777566792","0.06807986102667489","28435.720871718986","12.715260709070847","28958561807.296032","0.006319500071790961","0.3548860028021963","0.6041036349182539","0.7899005969420873","0.8617211065639576"
"0.56413266","0.060872903","0.638975108","53078207.02294494","0.4199709914378521","1793.1604729065273","0.0517944462975193","35304.21336869339","10.405333175254091","28210936469.860477","0.005510053164782972","0.3466547206311178","0.6056770390693873","1.6004979808128792","1.7434097703803855"
"0.57377767","0.072640972","1.8527527","55035112.61526089","0.43678857282022326","1815.2891664584536","0.05323115886043432","31193.578667848946","10.724037940052268","35943111859.3969","0.005700679287667213","0.3512944952942991","0.6022465930336417","2.2318216701721036","2.403655124306046"
"0.58547117","0.053320561","0.36195689","56170202.73462891","0.4381065318468501","1947.8364110384352","0.047730980033631486","34809.57154659426","10.13961334285696","32877728211.637062","0.005468915526008347","0.3433133211099719","0.6009867089297847","1.057854607484463","1.3900099153796768"
"0.69232811","0.125727102","1.071493794","58294913.69439977","0.41450272863686044","1908.2446583243081","0.05682331043568905","29921.39460012926","12.969205861523367","32915567730.709312","0.005995214996716248","0.3556594835204636","0.6049098172877052","2.345302336416492","5.194067756684889"
"0.31724071","0.035417952","0.58569171","53318098.46859095","0.42652158727167727","1850.424869596035","0.06102494538475152","24437.981530991558","12.809949476751378","30558727911.038567","0.006334707664676659","0.35670498886873026","0.6001171550307053","1.0840061290079273","1.230130443075298"
"0.20090331","0.013892522","0.168463415","51308700.242956586","0.41357538664487997","1870.048711020203","0.06603542176135682","28212.937590661433","10.734087361488163","37056971764.27029","0.006210543343817627","0.3480318826391062","0.6010165888003821","0.44532141550316606","0.42951582458757387"
"0.32296418","0.045252027","0.30421714","56215937.828854","0.42333808580564386","1914.0623907013194","0.04839956735264538","28155.027747927634","12.199044884595859","37272240508.16358","0.005935813089317061","0.3502332748890428","0.6010412485550151","1.1173258006729125","1.1624126373888506"
"1.2043093","0.143019452","2.585153716","56495742.52988209","0.43258433606198116","1947.7276341077888","0.0651864558344431","28946.537153068864","11.666904536399121","31591970996.364563","0.00578375179847691","0.3469118398203155","0.6024457704501601","2.8887354881737775","8.751616107688639"
"1.0545863","0.090705286","1.590426382","64095435.090376","0.4352667660393536","2140.561620459835","0.058618667323948756","24264.575910580443","14.491114298448672","31621261627.616222","0.00612809503440927","0.34779417208524366","0.600464021258587","2.700232156639006","3.9606539153074047"
"0.1841983","0.019414267","0.146346379","52874998.68825248","0.41239317984234586","1853.5193382726964","0.05754324713597925","34445.747742544285","10.058291934924716","29567138699.951267","0.0055591797050107295","0.35658408736673775","0.6012317062444078","0.34811019642643787","0.6448581296771131"
"0.35343992","0.05235617","0.747661445","54564956.17639651","0.4129474946196505","1924.9816511986455","0.04428437785042309","26602.05706804353","11.994056171989191","40032664204.34646","0.006285800520087918","0.34464121213575766","0.5958064225441903","1.5889561614284635","2.290934881425304"
"0.95769734","0.066230951","0.966826086","65652290.00039868","0.44887524762520586","1867.4851336137192","0.04418348435729903","29850.76177254721","12.081598891094893","30723508078.643856","0.006336084053004595","0.3484240234602031","0.5993487828333175","2.2455660828591566","3.268617012334004"
"0.69741727","0.144554797","1.197803647","58581602.04475779","0.4192817478481617","1909.4258307965367","0.058243848065940504","32865.51163178705","10.177180051760551","39432325950.93942","0.006252870962230749","0.35566458817983837","0.5951875186899159","3.0616778734766714","5.677341811403818"
"0.15947072","0.026457937","0.272950022","56731366.309971206","0.43274114830768345","1985.5279896504817","0.035031121241290236","25308.156062838047","12.613860125522638","35273687853.96328","0.006031051108220644","0.34581623740145717","0.5957476043952153","0.7820395324528858","1.193239679157996"
"0.70462327","0.076310351","0.685221379","55317449.66818705","0.41546068109911954","1974.371298555036","0.05949927679301177","28922.511852531716","12.406220842839849","28394667888.826237","0.006219610877511303","0.3497660910220188","0.6031485307331661","1.8322664724188014","2.7480060428630693"
"0.12056224","0.016004835","0.165627383","59190440.80805375","0.43973820038430855","1976.885628621234","0.04085512187676274","33887.04054210252","10.665698887533352","37607701756.07128","0.00549923249049414","0.3437614479613595","0.6003826318556654","0.23177159378655948","0.5948019713094362"
"0.54686889","0.069106548","1.783886492","65520743.36884335","0.4148383840227395","2097.489426147267","0.030743446049369468","30120.181696154126","13.235854554889976","27650589166.798176","0.005463777611433296","0.3500298045103889","0.5965146315672334","2.3256438898022975","2.728384607577222"
"0.19015453","0.025829396","0.20834585","60893064.990941","0.43682152902032506","1966.7522268913233","0.04539274934808415","30040.017220531106","13.115685454684678","37336091381.775986","0.005882486382153796","0.3435427642170767","0.6048109116392846","0.44741629835502233","0.8574056156768027"
"0.9295297","0.112208407","1.456563877","59963212.47737826","0.42739099749085685","1922.5060431817255","0.03385702686153058","31386.294384375866","11.115859023942592","34470188433.2203","0.0062797220609140374","0.3487946212530781","0.5958763280244956","2.467849789166326","9.826900225256601"
"0.16565954","0.02130235","0.221060588","52674731.52384293","0.42392652561705957","1848.7991113680055","0.06368013297851094","28844.426524362094","11.813313382990561","36738149962.64199","0.005942315365850327","0.3535878823588721","0.6053220808050094","0.7127361223485196","0.6511059761893295"
"0.6185869","0.047581028","0.586747733","62414457.88227531","0.4320406143510955","2012.2378171339492","0.03935371692294498","27170.329400303548","14.242801697828828","29854890196.192097","0.006203489083736425","0.34339519598348894","0.6046752534242186","1.5516900258435888","1.9646865252748982"
"0.97282785","0.139430258","0.977407576","61117626.75096273","0.4438819692542994","2036.5246244426723","0.06295127349765264","26615.465763885586","12.714706518730427","31952287344.47808","0.005796790440473752","0.3444461118969889","0.6005996770649514","2.4632333326168494","4.604135017583274"
"0.34964983","0.034863648","0.570612483","61330558.09581834","0.4305797829316105","1929.281351375017","0.031123091786869703","26580.77720624578","13.647814164803583","27928948281.21687","0.006318287634138677","0.35337761264994144","0.5996301626431635","1.0162256913737993","1.630994247526197"
"0.56636478","0.062950115","1.02227835","56272440.2413219","0.4193816670091561","1850.3554663724353","0.05670163103535197","31557.756739970628","11.731326581988279","35180182527.95778","0.0057889831154936365","0.3468028368337523","0.604171115223426","2.037442450809993","2.164811669139816"
"0.90646061","0.11865226","0.693584811","67734612.77221206","0.4323097142348244","2113.9494090683866","0.03106593635407752","26122.358937827532","14.629960938556017","33044449839.658096","0.0057163076091110545","0.34370425037016694","0.60547282003366","2.3932968370926684","9.418656329048419"
"0.51536871","0.054468619","0.648660226","61294174.923727326","0.43063221815552594","1850.2489163556272","0.05768798006327611","31692.860054977176","10.22181963371937","28061143539.026703","0.0055603432304527555","0.3473733823049843","0.5945699671137141","1.4159224865990128","2.3739804110787865"
"0.85702701","0.080211508","1.373177261","62641229.47331298","0.44632209210197626","2101.170008495614","0.06249263813124137","27049.872247100295","12.102373838315884","38322421729.37389","0.00575098913752646","0.3435774058625675","0.5970733699472954","2.635932717073572","7.173848690762373"
"0.31606069","0.056062372","0.538125674","62657420.75363856","0.4345062567862715","2047.4292822715893","0.03522849746392988","26375.160139556003","13.608744372651143","36602233628.69334","0.006179486032284678","0.35627721471851853","0.599459454392666","1.5597661787613186","2.4266696121701017"
"0.66981629","0.115501161","1.185773101","53859245.66487001","0.40967824254856133","2017.551012954616","0.06803712859259059","24594.114108808062","13.20938088933686","29772393103.10089","0.006045824303621336","0.34783557519429187","0.5981697150310404","2.680455673988757","4.855449846252619"
"0.24356382","0.02948398","0.292676142","65450852.90798936","0.44062180249744454","1878.6366127773854","0.04821276855976282","35086.871594525706","11.384418967987816","37935793409.43496","0.006557153351300182","0.3521858094679763","0.6039470121219023","0.789076854005148","1.0772811084516136"
"0.62466292","0.06789892","0.642300591","68002684.67344937","0.4367044607529952","2037.947987265051","0.039786384980506795","35012.09122610834","11.683807270406794","35775060038.22684","0.005922560691063169","0.34949574698225716","0.5999104766153442","1.784650888285774","2.9653675628113327"
"0.4415326","0.053372747","1.205142022","53098345.995955","0.4302735062398467","1797.9579041635418","0.0690527154965309","24940.501207440044","12.462305373524078","35037385992.01416","0.006076046711027942","0.3502099246174782","0.6035106610401301","1.7262915011401465","2.1312935859157016"
"0.84113938","0.083169747","0.579352597","56879969.3284839","0.4341193001915444","1965.9111709152326","0.05153793788259652","29271.404528419","11.523554156392263","33166752813.55096","0.006365190426614476","0.3516831605406953","0.6000295596341818","1.5271464466262463","2.437954019401108"
"0.8233065","0.140554608","1.612748071","67154807.86896378","0.444860725511012","1927.476371704715","0.04179102927563109","32708.751442258832","11.527218126005387","39786656480.55467","0.006209482539069823","0.3495954211955191","0.597683398197197","2.6410310937358727","10.026763307611498"
"0.34559284","0.038485747","0.63736496","58638204.26051172","0.4226140911429879","1985.5099542333105","0.03484627869967271","34364.889627031414","11.085432792817452","38024482683.596535","0.006029525313770058","0.35459063868826324","0.6015438088218851","1.5341865036476958","1.4931240326581623"
"0.22901137","0.0155115","0.194574377","61130225.271040335","0.44770075456327535","2035.716658741323","0.06507202628598077","28784.72376302792","11.775660700051745","31760922953.830967","0.006112228464199898","0.354956815221632","0.6016324463619765","0.414851344981545","0.581022022966341"
"0.91071877","0.130731476","0.963878349","68532792.42125374","0.4324265547494937","2035.3577757843868","0.045738763849574836","30286.06878604851","13.867085692508414","38091288137.053856","0.005828744970360928","0.35122667656693923","0.6016030603970872","2.6460204624916503","4.514906906789944"
"0.96659876","0.103161775","1.729810356","58542668.416067354","0.41237071293779193","1941.8706224130776","0.050685395859849526","29922.259968271057","12.600792537883033","33995156420.215065","0.0059866832597352026","0.34490999198761624","0.6014201286415499","2.59521247319024","3.8252175683885046"
"0.24853253","0.021679659","0.325133408","55414081.49372846","0.4252506100822557","1827.9276747849613","0.0581739646190403","24268.11383521024","14.126721129680076","36226057063.028145","0.0057931747748852696","0.3495348257657395","0.6038510333976782","0.8611969080750302","0.738993716836126"
"0.96907469","0.098445637","0.971023437","52448654.187568","0.41661180186210084","1791.6546990746056","0.04826555150568468","24851.832423490378","10.548903602938424","35235726778.01375","0.005927724051414011","0.3497526156167426","0.5940230762081983","2.3834938651895627","5.169071816235977"
"0.6065255","0.088313923","1.083776959","61859465.84784663","0.43828664815953716","1947.9051998150326","0.05149838820527627","27715.96443785941","12.47944345716807","30920859940.71052","0.006081092436580124","0.35315280857401055","0.5995997710860215","2.0372879121180754","3.6212605564368943"
"0.63470268","0.072984483","1.263175692","64182091.118040055","0.43488509148207627","2027.6578698952148","0.05357087496727762","26522.472383677392","12.39100265045333","27975819590.30665","0.005740817922779658","0.3431336776232315","0.5947531299182172","2.379561315581486","6.106661629935554"
"0.29854427","0.055983878","0.449449791","54524383.109874845","0.443033278270854","2099.1426738050814","0.04179695225314166","35258.835456656176","9.84608269785181","32853519933.401173","0.006375134027987187","0.35153619263517394","0.5971217364064","1.838858629698174","1.8202090899059367"
"0.81330362","0.150015337","1.478899244","56936998.10450599","0.43574482130493963","1957.6447973539675","0.03605455952759173","26312.17320071633","11.484891799731333","40008656377.9489","0.006238648544717408","0.3488672007231026","0.5945741326239418","2.7092150968691993","6.648662544968125"
"0.43255513","0.05185054","0.528964183","59666081.311564445","0.41711907125503284","2087.6912854215334","0.06665770673198432","27308.95638758195","12.910500398650491","31090282844.538834","0.005995257374142994","0.35220065100450304","0.6006049370747418","1.9352186538369058","1.9014900425510308"
"0.90756202","0.114438262","1.156873213","64346623.13442471","0.41525206288560745","1976.0252150377735","0.04281731928506579","34836.450347560574","11.157370551477152","29612243154.26518","0.005974453076286802","0.34788691064996874","0.5981489743261725","2.630793159706653","5.563792977070738"
"0.53505032","0.068293839","1.649584641","58781330.26011486","0.4290023817285928","1889.5592983177762","0.03457775827131218","32340.054288700027","11.897193822232508","29167650525.040848","0.006513017194181926","0.35259674672292723","0.602679188832696","2.1644307972283117","2.518980392361316"
"1.1981358","0.111996755","0.765478202","57533860.79163272","0.4128553299237904","2064.009553290894","0.04583904004623499","33327.09945336435","10.756499537979057","34312682721.11153","0.006144646188764598","0.34984295841855273","0.5967320867114491","1.820949727367067","3.6365921766120697"
"0.53920793","0.102311264","0.915835925","51689485.738431126","0.42062277952779764","1812.7516289719638","0.0621689394394025","33823.43897878873","10.261441665096397","27869390655.989803","0.005769136398924271","0.3472529714765223","0.6050917832975818","1.995872290523176","3.6438847054463483"
"0.45062189","0.049381783","0.765971134","54044933.85","0.4086661199147975","1771.5251203968337","0.039362117683720055","27256.603632214737","11.334594471439916","30081638275.507874","0.006487190072984888","0.35542555952345384","0.5945052949082111","1.7693085975847027","1.7545755784590575"
"0.4966385","0.033710547","0.418306457","53496621.30536425","0.42074906304739246","1925.8596170256224","0.05424485090696891","29673.905122261687","12.077353635905338","37698685097.16705","0.005813784205561614","0.35287423073233104","0.605013463321956","1.5078162779388353","1.039001098698147"
"0.20409147","0.029356267","0.239316344","58766798.331585415","0.4345014089029799","2079.0986397287793","0.03597841836123971","31857.287336980182","12.22771378896455","39590084073.332695","0.00546811135032138","0.3491411476494484","0.6039167028099057","0.7301984989792196","0.8689154954672158"
"0.6814213","0.078018844","1.373833536","66214421.81969132","0.442670983306006","1994.6907656289231","0.03520885834755286","32234.446511014783","12.675299498513937","33698421437.098385","0.006433733709149765","0.3565265929798683","0.6024571459005988","2.4374265522919067","3.6650384016518998"
"0.85535507","0.073934686","1.275286978","55442334.64882695","0.41764986144417593","1902.6327748500662","0.043568497366166255","26341.24324768287","13.134452300097719","41199687155.55697","0.00609573506068699","0.3522674809037388","0.6017678564262147","2.4529683286152077","2.908561363007027"
"0.89573759","0.116612199","0.679723192","60554239.51369099","0.4491673186852913","1918.0602902329385","0.031247341591539135","25501.02295848358","14.241190279426657","34258288524.30283","0.00635269232788286","0.3547670325753129","0.6051077106130717","2.293463200471847","7.643052936791743"
"0.43529156","0.060885112","0.736988785","51576738.38848964","0.41577683081453426","1909.1692837317942","0.05986269123635783","24301.67545108396","12.606595772250751","35736567583.572174","0.006456919160425469","0.3491999811145085","0.5981363084935682","1.6057459108736138","2.57626442443558"
"0.82483251","0.065379085","0.480242583","59450817.28704156","0.4123327421565333","1964.1726494280329","0.04421769619995269","32508.5926128769","11.397479382380943","32542318501.06933","0.005483526380921565","0.3488720035801972","0.5985442517568236","1.9511660751926347","1.6578487283233152"
"0.24896359","0.043626702","0.367219249","57395868.25630882","0.42593285614841636","1782.3704561991021","0.060676564386166205","25143.338165690766","13.371353077265551","31359566820.931698","0.005777029824139899","0.3521006197612641","0.6029193506287951","1.0730757888011926","1.3278332354794808"
"0.25793888","0.034811607","0.436408834","54910233.22157996","0.43254134611823836","1949.3460452619247","0.0669739858597207","33927.97707092383","9.85553092807697","31118163568.915752","0.005960273154356917","0.34949929361080984","0.5965408743090065","1.0998351133777375","1.3394794442891218"
"0.86391667","0.082489533","0.997709141","66463486.453563936","0.4383330868589428","1953.9978204840684","0.04306298056959313","28322.628865275816","12.790546073344878","29292299539.284546","0.005658192971921337","0.3480635305802145","0.5971781772147496","2.734017333799668","4.198578226492463"
"0.80050345","0.062686245","0.668727576","58369198.47201941","0.4181969516617444","2058.1489546077732","0.030701118071385553","34294.40278969114","11.438480334087041","40115450493.03263","0.005949952288978673","0.3505208991499102","0.6006504517881425","2.2210784438065","2.4662379938013688"
"0.40344108","0.049558097","1.134197584","57986503.805385515","0.4336779073379176","1937.1390880018896","0.0680539386801568","31727.525669832725","10.740445006091626","32964035863.641575","0.006085229081461163","0.3555632091254253","0.6016204048529049","1.6884986552880374","2.1236436427770733"
"0.92738943","0.088027092","0.60405914","57158281.070709355","0.4336771891910969","1920.2594425541513","0.054290511879301805","26669.70010894103","11.32566843921293","35869026482.46011","0.006379933215339687","0.35563392191308246","0.5956191240382658","1.6116022963193433","2.5762513377177902"
"0.87072834","0.096949431","1.298458536","60339413.41369989","0.42883046351402965","2114.292808582379","0.03919894845768479","26331.947351502466","13.640034348692216","30281125205.24558","0.005558277647090185","0.34973804709939393","0.60044690711385","2.4677918721836565","8.34192782453609"
"0.77003636","0.079887236","1.379826334","60668743.87477278","0.4454610993611831","2077.736668808164","0.06246300610364812","28932.27654067976","11.827538773357109","32356185474.388336","0.005628094613980009","0.35617876707000856","0.6017483747413961","2.6130038782898293","3.557367863090536"
"0.17352803","0.014768492","0.205338419","65574306.0974427","0.4360920036931109","2104.252607858672","0.03652142938306063","25808.27804465273","14.03018065477812","27997260704.047684","0.006042958923647933","0.34911591637335204","0.5979278690902562","0.33685675460072045","0.6592543507385836"
"0.81974869","0.130994349","1.18531258","60002863.94813156","0.44417135090059867","1809.7289841871354","0.05849198463671641","28282.98745080632","10.690626472926299","38139599144.68097","0.006032407770057345","0.35445896238906205","0.5957221415871358","2.739873556162419","5.098033378893809"
"0.79191628","0.092547256","1.654068567","58693870.171847515","0.43379629111831775","2051.065058102104","0.03591363432279639","30346.701909436197","11.47590791984795","40815984104.005516","0.005428156972890739","0.3505016363632137","0.5984379762161312","2.6139660011886425","5.0891953641876695"
"0.28106462","0.022923359","0.466182135","63470563.233393","0.4230177887891155","2101.4718310142093","0.030489060940415973","32433.318156885987","12.509592414363993","28888792578.518646","0.006130871397819854","0.35012637425630094","0.5985107595809888","1.0801483200586313","1.0717258676427697"
"0.85085629","0.114522166","0.688956989","64964764.17855403","0.44178263216714225","2119.3083580633215","0.057139886398403644","27175.38596665263","11.8935216727024","36867222167.17297","0.006573509205246127","0.3503060606402863","0.5943747783166919","2.284262363362053","9.272817026014778"
"0.43268397","0.053771007","0.635768175","51218261.79884322","0.416166711175324","1810.6196391937415","0.04086897830957428","30271.64173623165","10.22511778393274","40534158360.89443","0.005915472510163737","0.3516233156708808","0.5990790975245159","1.584370428450737","2.375220607583165"
"0.68872215","0.049512612","0.833199138","59375804.941204004","0.44170018531130995","1902.0626511121307","0.0449410054640257","27876.439091602537","13.040307375870935","32991141269.133797","0.005718905118581027","0.34490920535847575","0.6040716090521856","1.9508358537852724","2.3069990707394745"
"0.39645324","0.070365678","0.684941162","53360393.82581907","0.4149302747838","1937.8080339671164","0.057695471556575936","29172.721843694108","11.724742161829338","32866589370.618057","0.005731719777202379","0.35626146541872605","0.6032203940063031","1.782928408569044","2.6151244858641842"
"0.68534281","0.115650557","1.151507005","54166927.31276791","0.4378473181263824","1765.893723678968","0.05834273372571681","26176.755921031185","10.60234191134691","28545288301.627434","0.0059097169347674785","0.3530812585035632","0.5959685649538856","2.6461266376198043","6.025299543183233"
"0.16337039","0.01966139","0.200528525","54373708.273405224","0.44202384833587677","1937.0663190322277","0.05321598466833941","25684.28716856816","13.369412294551827","35767442190.813835","0.00634479517338331","0.35018261311829796","0.6052449327456396","0.5221842748854318","0.6687439199478953"
"0.26710146","0.033974425","0.343796094","68934404.2562301","0.42206659553121173","2126.268540612763","0.032284865940446605","28582.841882849305","14.626282763614169","33491841937.747192","0.006567014546319682","0.35552915887250874","0.6042720058048812","0.9411401093910885","1.407030382732043"
"0.65783835","0.071988903","1.479355203","54504368.50201809","0.42795665053800047","2088.0142583843644","0.045448641146493954","32837.20303101518","10.657445863151475","32481211906.62448","0.00567615210169953","0.34861348934831093","0.6004870930782962","2.0327032855817726","3.023890688472658"
"0.48169849","0.049953114","0.356199325","57633394.36700622","0.429816976405081","1955.1111035814595","0.0609115910029488","30455.081591141938","11.311838491872148","29738104439.128155","0.006045503490631261","0.3479093054208575","0.6006613230080362","0.9523660046096007","1.4784909767353265"
"0.2682713","0.059615265","0.628319313","61074183.84906855","0.44622166708114636","2081.035778815604","0.03481029591117039","28882.686916133764","13.25715560945998","30181786572.657814","0.006011564474809718","0.3457675490671228","0.6037404104887347","1.5447158912869334","2.538571139421568"
"0.71542366","0.079601628","1.31895641","64402728.29666188","0.4441586010591753","1934.9773892268495","0.039916339009708174","33950.01913182984","11.948120884140254","32676259646.63778","0.005869922038340219","0.3446940151858583","0.6041325856783826","2.5096099456282435","3.1332144501974315"
"0.41166615","0.033910918","0.469013675","52135138.38470385","0.4232486420303177","1845.4161397641199","0.06157199006382051","24945.04860067686","11.332624272168271","33837943209.524723","0.006108829354828508","0.34926195949496064","0.5962415287304859","1.2637587775043317","1.1912984456911428"
"0.61505794","0.086839593","0.509026979","65130670.68316661","0.42738807765536657","2120.436221856194","0.037506455849494316","30039.296181659043","12.876381386553577","39773148874.65043","0.0058087739469136436","0.34748857683912016","0.5978313134169078","2.3476194247822235","2.446754020998781"
"0.66487592","0.059964905","0.863731427","53691310.42114243","0.41163423880199823","1787.7540803484928","0.05305866792716748","35489.34260220252","9.983113957347472","31673107498.203842","0.005904639096423932","0.3434065505052223","0.6008459075931116","2.077178914194754","3.4340916757995945"
"0.49992009","0.04192318","0.801966064","56233067.66420003","0.429597413732879","1941.7412404836434","0.05760814456175918","29676.064525351398","11.91352280343381","35301855550.692215","0.006121121596545764","0.34544206784981385","0.6031301800136204","1.786219004106707","1.6232695865537266"
"0.52269444","0.051467364","0.4667831","57366080.23797999","0.41221585234131114","1806.7320364137802","0.040097291921548976","27805.240118274814","13.014892376393906","28831124589.652927","0.005444978979647125","0.351845405098502","0.6020574546396673","1.5211916212312089","2.1078388323073884"
"0.39554861","0.057287","0.700024779","55653270.16661297","0.43480068170792296","1873.247356056489","0.04896995625378313","26694.10778869647","11.378443493449515","37582577771.39965","0.005974057451864621","0.35066808824587725","0.5967272381419342","1.5375104465009406","2.54567822044274"
"0.65293743","0.053320916","0.44161429","56566160.23142307","0.423468413023376","2025.584684144164","0.03325044344237142","34585.20177454775","10.177195848420522","31649838834.94738","0.005776066068049369","0.3451716642546593","0.5959422123748322","1.6822394945296966","1.3533528135300976"
"0.30290837","0.057582926","0.457890491","51088153.36860831","0.4088442484929751","1764.7195633766792","0.04499477194689273","32543.705069874843","10.143958603585263","32157660800.026173","0.006326574096333667","0.35108328791339916","0.6017720146284611","1.729831294677168","1.6535223645846981"
"0.60635165","0.082057628","1.018389357","63241284.1217816","0.4400874416065932","2080.9847340806473","0.04383707462893579","27819.288625327932","13.115222737227967","33443935870.369816","0.005720024695815643","0.3522373846226198","0.6006721903205082","2.3181162227839915","4.693945035304389"
"0.12346015","0.014263078","0.133587092","54422862.433973394","0.41623775952640396","1790.1232345795534","0.03120248520575213","27224.795171697337","11.836655809018334","38926227711.73067","0.005935459195862624","0.3471470495322755","0.5963322917995973","0.30619474982948547","0.471852406551831"
"0.26336309","0.032389604","0.326474169","57101181.35860108","0.4316586701299798","2011.4966336278399","0.062975937267207","29572.868608971934","11.367716656877915","32182798211.742683","0.006378507233908954","0.3487967649598863","0.5999451216151004","0.6930810013656731","1.1309712330581743"
"0.3327466","0.039056038","0.859441392","66099764.95962857","0.4314061544438247","2128.8220197419246","0.03477942904763989","32716.55923083067","12.118912120211354","37780740887.17308","0.005649169941305137","0.3454682765535631","0.5972905738530866","1.5676744859566858","1.9753100316526002"
"1.1149575","0.142007026","1.086370345","57195682.71140447","0.4299858110527356","1910.6074259408722","0.043342565326555386","24196.292168020445","13.163745075466858","32751184220.59905","0.005762560017390578","0.3470652471718648","0.5948074113885068","1.909992554333987","5.951921149117174"
"0.12703593","0.01212863","0.167857799","56621905.67278438","0.42831711990772825","1938.4903982264577","0.04637284742008203","31666.558026516985","11.033860114795125","41099901107.03447","0.0062090374148204685","0.3530432391436543","0.6002971165487238","0.262805912492838","0.5716230799538121"
"0.32774943","0.041607452","0.502554794","56302173.80932562","0.44551834289050685","1790.046415552213","0.0414919774672842","35551.160795790216","9.761422688023435","28519726449.63552","0.005766554494521963","0.3458986205885327","0.59404652403099","1.3789811158993","1.5751569869853734"
"0.4778174","0.038068102","0.502887964","51259158.549551524","0.42075381559316793","1850.0570842552897","0.061952256609884605","35045.911095925134","9.831939655091753","29796691744.152927","0.005605041370108068","0.3430552696487633","0.6025487375293881","1.407227643713118","1.2729372556664345"
"0.52100948","0.055380692","0.519892622","53264200.42292256","0.4243980290815525","1796.5332845727985","0.04571196981925386","29397.60519588227","11.225579271189913","29536123916.086353","0.005778258361570127","0.34520565424097027","0.6015685445902852","1.4323566881205305","1.653950758842539"
"1.2440128","0.117777956","1.891125525","62095427.72004996","0.42870595043171184","1874.711817287289","0.05154580820808934","27741.19626879622","12.925390327176842","35507223648.073555","0.00564099075054763","0.34801774062738977","0.6009558337218864","2.5915071747572553","6.27641582767724"
"0.71822539","0.062409291","1.048132181","62402175.02480455","0.4398711466080935","1963.5771516168668","0.045889210999324415","24956.864686140547","12.431739552329065","32577894023.303192","0.005493396036597391","0.34902780388973725","0.5944484240730711","2.2484291730371746","2.449330681883528"
"0.86519335","0.096368359","0.997375868","63855825.48607571","0.4403730712391113","2147.2010142972968","0.03955438627978162","31544.445528749857","12.51785636311982","32566266835.292522","0.006453973450505646","0.35416833556138544","0.6009399077813659","2.4656433368338693","5.224775286239923"
"0.11087817","0.009613662","0.124877293","53469002.46750711","0.40899394399246086","2014.505823357805","0.042736024801463136","29080.709483532366","12.516970968350254","35129519177.384056","0.005432448575944468","0.3449256738645567","0.6017005644865866","0.21834277369338714","0.43402503999470915"
"0.25765375","0.028244194","0.487658499","61588616.38682535","0.41223145672368466","2068.318262553976","0.06175221882084569","28326.977620184174","13.404992691533591","29248569011.181576","0.006193215450599106","0.3459289802332001","0.6010179300808753","0.8471626086359693","1.0802521735940298"
"0.44793254","0.079390912","0.734309398","62329594.15993679","0.44326689381516515","1889.6422006610637","0.059038534626584385","24173.405211508554","14.188208473794706","38880848106.58831","0.005531091698207099","0.3526870351763643","0.6010303030576324","1.8796469873048858","3.7659745660239197"
"0.16232517","0.022238362","0.270446429","51654402.884305954","0.4284064930553886","1765.4256375459695","0.06655060569819964","30687.906278387258","9.80643987505756","34549614098.17776","0.005984535085158335","0.35567211175027313","0.596084790277573","0.6225608742086675","0.7848803896970948"
"0.3110384","0.038194842","0.388745624","63695226.53741286","0.43645447729534964","1865.22067597661","0.0587582407333994","27263.720828141497","13.890586129421","36547343175.225624","0.006200248732709046","0.34318134171025305","0.6046694126224675","1.1490684058743723","1.3469532339662709"
"0.59266526","0.066653656","0.662798271","68871689.83439934","0.4363590333014911","2119.217977378774","0.031827329692198605","31648.698485199926","14.247471118499215","36369241461.79628","0.005679310122103243","0.35302392668197075","0.6024996377598327","1.900950297851148","3.0986456139691314"
"0.27379397","0.03016713","0.51962081","62902128.10309546","0.4410611310151083","2029.4675639026884","0.032658508567264044","32530.43649073044","12.115649117980766","35998180557.233604","0.006183417672211311","0.3527076218651713","0.601861666481585","0.9832042263957625","1.2844827228568845"
"0.65319413","0.053431135","0.360280068","54329190.69217781","0.4129138283153563","2048.014885131396","0.053866367586459185","29867.196525637606","11.908085099626357","41312867366.34448","0.006275866950628404","0.34496380507014146","0.6011081467383346","1.2205850871619237","1.5799099586758365"
"0.80033701","0.136436266","1.106421565","59876165.80267663","0.4366324375885336","2141.768671367809","0.06190661470603122","35573.33368843425","10.449459926968945","34717707229.725655","0.005712792004620079","0.35503722144660826","0.6042496270558959","2.6257971559063766","6.754953061059285"
"0.7665191","0.07931888","1.359344014","52307572.658024214","0.41926823406867475","1919.6516573148897","0.05339609869642904","28691.714401718596","10.406691001151888","29603244398.906445","0.005400645109729508","0.3436363990984013","0.5962624010318973","2.3374908608659206","3.495119248873265"
"0.28655468","0.019598615","0.243816137","67493252.15428235","0.4420780704291816","2060.2939893491075","0.06111324206172313","33703.284786784105","11.14900742060425","29952445875.04608","0.0062825576750506346","0.35357637104751105","0.5978120243855964","0.5651762232138822","0.7517558114778058"
"0.49698204","0.053659657","0.490914337","54941446.85237276","0.4177871474774347","1791.8437219513467","0.062152486018517","33691.56251496381","9.997732474953441","38657405696.031364","0.005650815149031561","0.34550771054147106","0.5975497504044832","1.4813742254405469","1.5188184846809454"
"0.18366037","0.016300979","0.244040937","61549205.29938917","0.42096272541739455","1920.8364746956734","0.040110637098301344","31676.918512468794","11.78354575066035","37687841721.04767","0.006574221648099812","0.34952236136380777","0.5980292368879014","0.5044287930916769","0.7404377525822798"
"0.84773764","0.073832235","1.150902919","62267307.98605262","0.4332443494053678","1951.966555250743","0.037084197862982005","32508.898967059013","12.807120880403804","32803782206.245316","0.0055356327688975936","0.3501773068913014","0.6051666018336811","2.5999974043677088","2.7835741269853185"
"0.36583944","0.040668233","0.284055421","55518614.051187284","0.4366041397258707","2099.1361382144705","0.0514228166653491","33911.688171014925","9.946834385257523","41056817490.20945","0.00578001599809952","0.3498234826350473","0.5960099206976354","1.0393955316604575","1.501560949901432"
"0.63879865","0.085466071","1.33286515","57218730.75180801","0.41788573169064547","1826.2498518623324","0.06352549052569821","31461.112358628918","12.114220743091284","30704300484.18132","0.005505704779990408","0.34930728326301713","0.605378633080395","2.124645900000934","2.6769743530465147"
"0.45830242","0.031215452","0.47833672","66948784.13400374","0.43889858577359614","2150.559790667703","0.030584260207965747","33382.79322017312","13.220143713865593","35889529722.60153","0.006292020102735383","0.3501451129456088","0.6018071187679855","1.2224498292966313","1.3017460093505824"
"0.11245527","0.023127936","0.193180524","60491330.16461703","0.4199868480422712","1979.5710498374708","0.05954288937052267","30171.52176832617","13.294542218479378","36284587757.43712","0.0060986301039931785","0.3527402590866789","0.6053263500608003","0.43746433528430323","0.7684533327657582"
"0.41850109","0.072686494","0.718626208","66831852.921566136","0.43647438354262763","2115.3508245743283","0.05288378287942725","31741.149276427448","12.086119621024581","34450870139.50864","0.005524126535126463","0.3533363986124223","0.5986259661693779","2.17716656421812","3.500823624818742"
"0.18921486","0.021890338","0.205563332","61341064.8170373","0.4227178155372949","1896.7187072300003","0.04205177200863188","30501.97471499359","13.102638421435945","36117748309.58992","0.005991529015161418","0.35137333422413836","0.6042381108686359","0.49543026627338194","0.7731273490151167"
"0.66879427","0.070479743","0.740725799","61146933.85944124","0.4478774536771915","1804.868362717969","0.0627407189251393","26019.87380961708","11.574779208961193","37619842290.56124","0.005770953252467265","0.35052357723645255","0.5969218786964308","1.8571541486118495","2.1327851226771974"
"0.74721913","0.081352202","1.662497018","56060591.38650925","0.42164177151934096","1869.0772544207175","0.04975603640776047","31266.08486415951","11.304774791057552","34948533971.16394","0.006059711523954318","0.34461392071876873","0.6010420125875949","2.128503533253099","2.939781396533209"
"0.87727867","0.116742087","0.925152777","61186220.33339192","0.43379627392425","2015.4653262445472","0.033026180208046235","24694.015411049717","12.651248900272012","39358515007.45031","0.0056426392623329805","0.34535192776127976","0.5940744573025234","1.9711370951130787","4.665620014220107"
"0.47703219","0.067293216","0.824964384","61526970.773290254","0.43985110794342447","1946.122439325095","0.04078023340291036","34337.67741238278","10.367048844495548","30311499264.30496","0.005722276306570516","0.34513692158490156","0.5973442486162776","1.7235056663424184","3.2937896545541663"
"0.33875281","0.037354612","0.579158208","63086116.86723674","0.44395810578454387","1972.3494054802425","0.04253587733407873","31862.872436409998","12.602993250853912","27790328308.27382","0.005878555923102005","0.3494366797944186","0.6047407803311856","0.8660834102147942","1.4166620776050904"
"0.2028763","0.016752105","0.232019411","65110008.22923477","0.42515756536899685","1797.6153316043885","0.051215486528915916","27951.24670084681","13.081824186724463","33058065407.633854","0.005832829215167985","0.346759573758828","0.5995373331908761","0.46460439013900195","0.6439568302288172"
"0.087135971","0.012254502","0.078106178","60293962.06751068","0.4194438702696597","1934.8045044284372","0.06274170148122922","26890.797874767304","13.410901031292559","32308230315.08084","0.0056399077993231515","0.35047598184963136","0.6029896181513228","0.16208801508919055","0.2819830063560907"
"0.9017095","0.102813372","1.283798103","61087234.428686254","0.4360059924421691","1827.217417059853","0.04394836704647117","24218.11772412193","13.775160276103703","30526874460.10768","0.006120771401884967","0.3450011254888602","0.5958854859021682","2.6311905704001792","6.046308695651321"
"0.44562717","0.03719868","0.723332274","66602414.23376099","0.42149536678154154","1999.0534636772206","0.04381930878560302","29273.25317659449","13.68526982562808","27985656052.204945","0.005820677636393347","0.3497097440176043","0.6007551024828561","1.6396498070366163","1.633261015577144"
"0.25369673","0.029739621","0.193782061","64020194.62102405","0.4449947037659481","2070.432895932735","0.04479130907735863","26249.853442985714","13.853971113869692","36805083379.09802","0.005683261168909133","0.3527420207310482","0.6026254029519491","0.513158974527311","0.8450832174677998"
"0.36665346","0.031552652","0.41573267","68951074.4727082","0.44023433300387976","2125.1244156101347","0.03831517724865413","35275.598134061394","12.784408713719646","32822057439.965614","0.005542692315714224","0.3497317915921223","0.6011386384765246","0.8357231035478668","1.456362611863729"
"0.22795426","0.026375738","0.456635781","63323182.03308406","0.43327663079089623","1894.5293545173452","0.048070471378951055","27681.468373156582","13.320376694454263","39453598780.30229","0.006101785932576129","0.3532425211695681","0.6020949159756357","0.9443927975968469","1.014793821784533"
"0.21498785","0.038212341","0.382340628","68837516.21411207","0.4411003545701917","2059.02424988783","0.03909471098988729","29877.21419094909","13.666017233270603","30341480507.681004","0.006047133740158264","0.3435254516009124","0.5970764898309078","0.8708518195548147","1.7167024610853485"
"0.51294367","0.099494888","0.959990475","63638722.374573246","0.4376474621837435","1951.6955158067988","0.04232900217660746","30192.84243067845","12.09532454435982","31987687478.84723","0.006153765598474431","0.3499495396691247","0.598792193923626","2.3272756827687844","4.159771235682744"
"0.16291938","0.01508296","0.192541977","60831080.54201333","0.42931918740563696","1946.6462043368915","0.059315852581893216","30332.418231255408","11.40058304206075","29551609561.011086","0.005464581982870443","0.34360333094414053","0.5984483738415339","0.3687940673634409","0.483924709597908"
"0.86583524","0.10219828","1.066617035","66926307.767709956","0.4279798872546866","2143.2665253498285","0.04758763812752125","34714.338531056215","12.768720128961318","34415752378.163025","0.00581740365682595","0.3451852965914843","0.6040514843343221","2.5617892041893757","4.880579934786231"
"0.33405099","0.036666639","0.687451432","65618417.09306735","0.43948096172764595","2067.137305708345","0.03935434994278848","26807.573824570958","13.697694630703472","40312484761.87228","0.006029951471636073","0.3479784592104501","0.598986195280576","1.2549133378493444","1.5491667832224705"
"0.22466326","0.029902148","0.237001352","60254521.182649635","0.4339241206923057","2062.8144771941043","0.03918221636325477","29783.606258533167","12.599690423536705","37630827517.987175","0.005994264562108191","0.3453399443698736","0.6013724417390673","0.6153052368067204","1.014130012121014"
"0.47965075","0.094810896","0.884793284","60374633.02814437","0.42835996250914316","2000.5989054148479","0.050895001537131425","32572.98899458975","13.052135636450133","28714510045.745693","0.005456439249717532","0.3517317085820161","0.6059097760798225","2.09643858418285","3.7574710049315723"
"0.69112176","0.08874474","0.931197157","60209576.93209616","0.41572327447318025","1950.2788041421775","0.06433370172903784","30015.664727269057","11.499795608407204","32264661747.58584","0.006378387716588747","0.3482881981042938","0.5971019616188996","2.5246577075689878","3.951045248954651"
"0.32208911","0.022795139","0.270509325","53846148.004560426","0.43432494144436","1946.4875070205173","0.03962238848216742","26599.872537928404","12.082185705517299","28645853060.288525","0.005565861284410927","0.3467663763038397","0.6002583933484748","0.7058977052664364","0.7884132606148987"
"0.85226517","0.121678815","0.776287232","58534539.901041955","0.43735311560279355","1890.3377265592878","0.04059023513938898","26904.794688523765","13.063332640559313","33323855546.430656","0.005732512486953815","0.35176187126471337","0.6028059728891505","2.636441220612916","3.89887895553742"
"0.58427376","0.058201463","0.952209247","56546173.535941","0.4212150304025406","2056.194767110934","0.03247409078398629","28081.095497307466","12.421076468552071","33483009644.89748","0.005680378237265161","0.34432742281941164","0.5976748494304905","2.0467742913051667","2.6664051919416467"
"0.43170076","0.036389511","0.683293727","63497027.23131249","0.442407979080038","2051.6191394240195","0.04454891868584291","27840.66587745466","14.174369171594652","35653601707.843216","0.005744278997444539","0.34901924326143946","0.6056584677899024","1.8438844551582576","1.5457191722643937"
"0.94584866","0.097977148","0.764631835","61449101.566495076","0.41756247276358516","1857.0397027960187","0.04077291747451542","33650.880948387516","11.486134414318387","30864189458.033592","0.00646741220332747","0.3507497909325283","0.6002850116815978","2.3305767732817766","7.492667357141639"
"0.58657871","0.053069689","0.642760906","54318292.86982197","0.4182298652454411","1790.7335622207872","0.052081783479363764","29096.24014726527","11.621555908472228","33887599404.397636","0.005829334763980781","0.3560494175036102","0.6027380449869174","1.5325613736570474","1.7512901606786293"
"0.8104912","0.064377503","0.580970319","62825443.38358783","0.4306900739053565","2005.260944383088","0.053401020286419444","27920.677422924415","13.945256413250805","36342085194.674484","0.00635124654190826","0.3566448370930753","0.6052209784603462","2.1422367436712415","1.8116934956453195"
"0.49428747","0.100900802","0.81104885","58623166.64648668","0.4192519147640874","1872.4307593316253","0.04854960554918737","27967.941491052137","12.267539565159732","40639577772.32528","0.006370734593327482","0.353600939569416","0.5986176771733869","2.8061185711572594","3.48880704934573"
"0.26067042","0.048981663","0.478739764","65264852.426782124","0.4449546529088242","2007.666559994019","0.04891918106847514","30413.298394757712","11.306626567396084","38304307596.353676","0.005682483500022416","0.34425022443312164","0.5956936565401996","1.5924176354912853","2.239696374889311"
"0.8232244","0.091684226","0.790059287","62116594.900253706","0.4428098237373977","1998.2757642086876","0.052322991263543915","25094.360229424776","13.470720221161372","32605189500.107716","0.00590907569183279","0.35355180230527505","0.5993756101085724","1.8842462075152449","2.946888339429981"
"0.85551803","0.06634787","0.703152585","53368897.5418251","0.43522074501769026","1772.3123236946367","0.03941776708097456","31145.361433316837","9.852449075531958","34129110483.336914","0.005802640109935003","0.35317918503555346","0.5944142089726039","1.9408337332380254","2.373869724297275"
"0.14484999","0.018419676","0.433412621","65558970.942456156","0.44386629867445926","2023.9537270922474","0.04432813560383174","35895.97027026864","10.409306190511929","32623683092.17547","0.006079293394083952","0.3464832830348305","0.6026358107550182","0.49108360753618807","0.9628306593840161"
"0.8856636","0.111928202","0.853993744","68225860.76269141","0.44509621785020687","2007.1508952087681","0.031065742275039433","26749.058450359385","14.021945453037137","33571036272.41575","0.006242495417573586","0.34864340307807357","0.5969348488408077","1.7568620587079122","4.522819811089067"
"0.14972896","0.014422108","0.199892256","60527222.9253496","0.42544613468961967","1943.7174095060896","0.05363540509522612","26172.691971822456","14.370774442025303","30714701274.80877","0.005783253149722251","0.34578164521241894","0.6057102998313307","0.2190647798820204","0.6742617995614749"
"0.50766056","0.065273396","0.677936496","66642781.74428199","0.4344670583967803","2125.1889556299952","0.05423432253807173","30220.409428361163","13.132133930233875","41273393341.01798","0.006095830230105249","0.3554186088048875","0.6013007572145377","2.2651991597085557","2.6294809324359094"
"0.10840072","0.008492197","0.108997465","62957265.45662028","0.44165024857363017","1933.8650012728715","0.04552613953814594","32470.593604790276","11.161924432584252","30900421651.476803","0.00627535084137239","0.3512872911291831","0.5990939353704835","0.1648577076527031","0.3577729151875233"
"0.42692699","0.061428445","0.528088716","63030847.39416545","0.44933827051768777","1868.9967565763643","0.038695660597242214","26745.8480526517","12.059253159477027","34372155378.241844","0.006184865261026871","0.3459338385244523","0.596010349983605","1.6964117414453848","1.9790562400053848"
"0.78615855","0.091014935","1.121969587","61482620.69625525","0.423799408324927","1949.8988025023573","0.03487664047759377","35897.45766576809","10.085145839152185","37982212080.68585","0.006408184328530483","0.34974791317164844","0.5986580458717673","2.3766686326004383","5.803892087849519"
"0.50860005","0.04711139","0.877736995","59788781.60681716","0.44342797030259823","2075.7413526231444","0.05421410559642929","29842.689702305008","12.56456560812066","36635615179.17579","0.0065370256357772","0.35628510096297344","0.6045478109782502","1.9577436405999737","1.961692078844815"
"0.4702301","0.059322278","0.339660735","52656142.24501909","0.43883575842788514","1982.6122413446953","0.06163550696804445","31859.947715617523","10.022408140674532","30332465631.275143","0.0061101271721215825","0.3519035002404727","0.5989925752655977","1.1784445518161153","1.7209863523970061"
"0.44597971","0.06623236","0.976314906","52397446.32719261","0.4121926073457749","1800.1719808963178","0.046215947434204416","26947.79660113212","10.902409744197238","31540252513.824654","0.006000607487096652","0.35687859960748997","0.5958699408393947","1.7783578774477515","2.3228264056151393"
"0.42415122","0.033732011","0.571706006","63108436.52987381","0.42400387653192456","2031.0184901321413","0.0559869400082454","29993.08229454782","12.348520313818868","39226631705.2394","0.005669233299266225","0.3488212308000215","0.5996220181554416","1.3741966595545911","1.3462023315707667"
"0.15790339","0.028849902","0.276299671","56423842.10792155","0.442557525066808","1922.2220260656968","0.05040770908073491","27434.226707701237","11.74953932706105","32899223179.44452","0.005890706298752023","0.3477925887123279","0.6001506836420439","0.531439108679333","1.1471355379141381"
"0.21696872","0.037566178","0.384600988","51665146.82444671","0.4324755877929988","1780.3091881096445","0.04516419277410562","31804.883445699423","9.87352393529221","36148359832.351006","0.006289128778854246","0.3467482652188577","0.5965036394278449","1.2335303968579776","1.5397651183999177"
"0.318594","0.038648529","0.384352039","61269131.42146281","0.4349791630415186","1879.1901434610045","0.04274853406590254","34651.760757318196","10.078813493130596","38552343297.74217","0.006062337501011872","0.35415113429871986","0.5959745724575576","1.2883097864578144","1.3571306361642674"
"0.91530529","0.092928612","0.978642083","58563781.2795236","0.4246132023226958","2023.5702320659116","0.054297649835292984","33388.57545733576","10.774709298030979","35073086658.6199","0.006227248391956777","0.3552125362704307","0.5998789019863751","2.379679491274236","3.887684336961742"
"0.95806327","0.113779294","2.530029929","60245756.060907945","0.4293102161243579","2004.5680255539799","0.04415332021908044","31557.83858150278","11.292399121119244","36651645782.17992","0.006537165840082742","0.3568987703181429","0.598370290164611","2.6566498686513476","3.7658033783241707"
"0.42671608","0.058482195","0.477300815","61969014.343303025","0.4452991333220216","2066.5658352013725","0.04159713753815531","29850.727841003667","11.072640592898274","38084956352.901375","0.006187191952503406","0.34628760468373754","0.5951286836727268","1.3960505328304742","1.9584051306200014"
"0.41735926","0.087275112","0.856991245","52213906.44676469","0.4374531233626873","2049.063800538964","0.04149069566133546","32540.434085316858","9.999807709530094","29276601523.939945","0.005480508228640964","0.34489511410124074","0.5975677646689724","1.9818968316029892","3.6062165835417472"
"0.16356049","0.017865559","0.27489906","56378993.53707686","0.4121556854576502","1910.7594228536238","0.046308247762283275","30182.805399852678","11.642436087300721","39376494399.63318","0.005961571322127888","0.34548684919932926","0.5984188978133053","0.4539976480082728","0.6805920828690731"
"0.71674229","0.055545074","0.699728301","67512632.72722934","0.4498414187441232","2060.826552959996","0.030763552687649052","35402.58553546139","10.834799173162159","32935537145.60489","0.006095272940887363","0.3457171532365619","0.5977308669037732","2.6062738780510974","2.64616713889407"
"0.463293","0.065258063","0.402575499","53876466.36934805","0.42318396957233867","1982.2042460963662","0.04859015571262708","27997.148818604153","11.436133913495937","29005116763.245766","0.0060261251270377035","0.34980048748185544","0.5983879854448357","1.3915406271307107","1.5899632318667873"
"0.72933666","0.070018384","0.967899437","52108878.229321964","0.4268773703441268","1804.9310235498046","0.06683771373514971","31807.080639805186","10.164749961441558","33590074491.180927","0.006202742021570537","0.3556039058391767","0.6027914993280961","2.4167607249998158","3.9496208868380775"
"0.83033617","0.102531786","1.544293892","65593171.55287486","0.44359163821494857","2029.494457220584","0.05126662784162191","24016.81755986823","14.617600152219916","36879481382.54592","0.005580586679727466","0.3490184935770873","0.6012094159858603","2.591768600375963","2.978330221035161"
"0.59221733","0.059336834","0.564043957","54549175.57226463","0.43804168168053914","1808.3753893031317","0.03158556257319217","34591.02662375098","10.73824628067996","34037988149.166977","0.006383678300696406","0.35163526514556614","0.6047612245669265","1.791772421022716","2.5193395951278674"
"0.63046405","0.093109238","1.278321442","62864887.37059708","0.4251286783595017","2040.4974838549454","0.04741474382348386","32537.006017692307","12.10299688909735","32656025369.49474","0.006048272505379155","0.3529574307771701","0.6016840206437787","2.0621042768999485","3.2559958290702995"
"0.28837114","0.022031576","0.22740992","57546803.036071815","0.4337830354698114","2065.224602208804","0.06603084948820165","24415.35456649322","14.111763868896936","35207851115.512794","0.006037187280206843","0.3440305888280728","0.6031746730415299","0.5120530935323736","0.6006106446459367"
"0.58241631","0.108163926","0.994024906","57782322.12980841","0.42798609705796037","1990.5841782395248","0.057751339362938386","28255.96990663937","11.820524376864643","38380087776.46312","0.006543602185573988","0.3475555723256341","0.5983000974307664","2.554617076985603","4.168951871414598"
"0.81077385","0.110593207","1.354361269","60771579.958141014","0.4303453934173081","2054.664141310658","0.05214385931882842","33863.95861649053","11.638298294181688","34344668866.423122","0.0064123316871670406","0.353890934974709","0.6039244047588166","2.6038154471995485","7.3280602539003645"
"0.41717963","0.036247071","0.375606117","63417420.62079944","0.4289618490586839","2056.33322419003","0.05027632682656836","29457.48139415934","12.371970128187533","28482576687.766613","0.006039159784486363","0.3554552239342588","0.5986268421871609","1.3290979665653728","1.2093081519417166"
"0.77106905","0.107380274","1.100711047","58046060.955301754","0.44153008466322846","1820.7370932142894","0.05354094477877587","30918.746521437883","10.390594830480893","34276324547.423744","0.005947329791204324","0.34723229725612964","0.596920776476616","2.4784858204594014","4.278618166626138"
"0.76358966","0.096561193","2.481214779","68049753.06394659","0.44596018182396363","2013.1007497381238","0.05261492772261838","30321.105214879368","13.199501727593525","29500275916.38734","0.006392478151889495","0.35618441669148554","0.6021018103591864","2.575725164592353","3.0971113410501743"
"0.88880069","0.093489917","0.672387815","62294062.68566213","0.4498881191019308","2069.8536475252718","0.06340284089889234","28803.61365322258","11.786806580014836","38480548150.96293","0.006186422817506304","0.3516997212128021","0.6008338699694877","1.5272880017506434","3.07780322313486"
"0.49983408","0.10265211","0.992253982","54797282.00614518","0.4259646114220092","1858.5558432447312","0.048237578522209876","34207.11265088752","9.99923236032961","35783325544.65332","0.006233922321739122","0.3548389230035059","0.5978827238191845","2.151096174223972","4.351667591002628"
"0.27206065","0.030172252","0.45859171","61223806.864135146","0.44939326538650537","2130.32260331791","0.05295861131341118","33423.61793683856","10.590308316392331","38195844288.437645","0.0063138262889231135","0.35279456537647463","0.5995967892149664","1.237411812293676","1.1664326974762025"
"0.80552176","0.065670058","0.895748982","59448464.18658619","0.4427379130460559","1942.399903437358","0.04190331715975282","27160.73839678356","12.852250859145023","37727884384.71477","0.006304608245770258","0.3540485234589888","0.6019081158208001","2.6292817913562","3.204937101521056"
"0.69007987","0.097986897","0.594877493","65538431.76355801","0.45061434664055056","2056.230443436381","0.03850017530066904","35044.452291181886","10.112350991664186","38651086744.65017","0.005775535857374049","0.3445137913629886","0.5956532848243598","2.4357504106663663","3.1289331177144124"
"0.92047562","0.09760253","1.632728037","65948745.80365995","0.4183318999270668","2095.6411803456167","0.03713870796091033","35839.19156101238","11.286448463523886","41179125287.54068","0.006450889208287257","0.34649891642053565","0.6014179691346744","2.601031362165049","3.928484337215405"
"0.99483212","0.094998633","1.731939308","57555804.44625836","0.42932589440578794","1942.3102466035632","0.05852844470243472","28484.89974118764","12.614447297030013","32036094379.981255","0.005721952843769948","0.35153953168253693","0.6042049242216319","2.595626892267118","3.3277794217025654"
"0.15145332","0.017997377","0.114224942","55410812.26598375","0.43423366916484196","1836.4113271156243","0.03271483247190055","35002.27084086478","10.311881243883011","29200163527.369877","0.005443023319407873","0.34743445799228706","0.6027120109914992","0.1956097633285034","0.5785889439295103"
"0.86280562","0.074443108","0.975980444","54483748.602508284","0.43875188585595576","1920.7361138522","0.0498600483275845","29088.008477980355","10.303911814820628","35820551676.04904","0.005799862684509007","0.3530255814566873","0.5956793395388013","1.9620563132048359","2.8321707708505195"
"0.97297405","0.073259994","1.236975002","52487316.03737591","0.41564490214620775","1804.9831825709891","0.05813640154705666","29646.751355677265","10.783352915728763","34592251938.80891","0.00632097085336402","0.3533048380722042","0.6003844141810584","2.322391193487441","5.366316224318317"
"0.14852069","0.026876574","0.263589344","64308718.10524298","0.4382828270241621","1979.014125058254","0.030246019595856516","31889.338852737103","12.889770778617535","29112914506.4915","0.006195273214909357","0.35081110345336275","0.6017466047125611","0.5028572651423464","1.1744164858327055"
"0.39421723","0.058386548","0.657670639","66514683.77743113","0.4434955358388295","1886.9902014221427","0.05419694051871342","26381.2572157641","13.93546944146733","33672181487.37849","0.005744136673999031","0.3528515481759859","0.603058160546875","1.6936423987517444","2.705086222455199"
"0.51926465","0.061134206","0.588840633","58145150.51208835","0.42337094744888354","2093.662510139706","0.06841590038608716","29389.655125078396","11.131632078035508","33455450747.46609","0.00623175435105966","0.35226519985378396","0.5973367076150523","1.8315508967451852","2.0815578676345146"
"0.16513721","0.020684976","0.208949686","59956682.5047169","0.4201048746132168","2114.2787958251756","0.05613283175648574","30941.254037298928","11.444566547267339","31016834299.17219","0.00622941653002919","0.34724084799338334","0.5968721253412519","0.3659861064402705","0.7856551416883939"
"1.1771386","0.143849646","3.278014519","67008502.01752152","0.41149881962813184","2012.6903327276675","0.03856892253524844","28717.134980076375","12.897080946613142","36744484625.15033","0.005953098161701284","0.34903256813611105","0.5943325129544318","2.71438929810643","6.729734324369491"
"0.45486491","0.062991732","0.510787879","68263931.23816864","0.4420624001733516","2084.0409652772587","0.03318910306470714","34595.14576748208","11.753910569672295","39526326974.23746","0.00631921482231716","0.3517256634726068","0.5975624187282969","1.5967179786625623","2.18899397511834"
"0.33327175","0.05783189","0.468541135","51852582.57753225","0.43092607201859356","1860.5223933050927","0.06177635765597353","26221.655026486605","10.794216887431828","35058051312.95801","0.00590796459182019","0.35137782871013656","0.5983127100163121","1.4069222478599477","1.9606876738183354"
"0.90045488","0.098066992","1.505382129","64939180.20918614","0.41295604641550404","2061.5353131765737","0.0348312129313577","24423.38289132149","14.592272363664192","33122199632.108315","0.005592184241558678","0.3456921436010225","0.5993411019707052","2.4708850688404067","3.1139444351589356"
"0.36051845","0.029261754","0.39674269","54343341.951313004","0.4449030826764166","2080.538877858321","0.06802986536172292","34893.788891297154","9.952326500870054","35810832715.66968","0.006187407374419327","0.3539743223156844","0.6033865107741864","1.102950045121186","1.1227681128425178"
"0.21457034","0.030582033","0.190947553","63905882.00012447","0.4142574567876525","2106.1111787702503","0.06413040492830603","26623.538765096677","13.599513641824261","28922105405.86449","0.005509075500242048","0.35109624103809434","0.5988537255106554","0.46081850078325975","0.7268486549082085"
"0.811798","0.076508233","1.226579816","54968362.75659117","0.4301202481434536","1785.6178811936015","0.05463928320898958","35589.80841944457","9.783396235368441","29936877464.96417","0.005981850888684459","0.3457435848469076","0.596539012729579","2.0792543081801647","3.7769250408436714"
"0.66455276","0.057854307","0.913045749","64596327.44972048","0.4249869035534252","2132.8970249002905","0.061846403966780775","27531.32114226101","13.82549910825515","29632577853.944607","0.005830805454854291","0.35611169565019163","0.6027301181017168","2.3586431241376244","2.1902958715483254"
"0.96085221","0.096340726","0.91754562","52441250.44853169","0.43341650602073023","1866.776230114659","0.03348138890754921","34186.8458157313","10.300696687556934","29868973876.174118","0.006537155228805143","0.35555034423165477","0.6031308545283778","2.3743731748041363","5.681672520200137"
"0.59836438","0.057488641","0.722752187","67188546.33165225","0.4187196020123841","2132.64505516212","0.031064434699071747","30630.24413071787","13.958544655291778","36934628775.85894","0.0054513323507746365","0.34457342874025737","0.5999251892763576","1.7203790457841572","2.943189895131263"
"0.16849242","0.015631512","0.26746512","66306225.50105158","0.4251633385965822","2031.50739384826","0.05631493969985278","28149.00073095979","13.372166756344846","31739587001.09116","0.005955308626050426","0.3464417618836186","0.5987551811407208","0.34111213912854343","0.6436307264584741"
"0.083887585","0.016701352","0.144295883","53006474.50797188","0.43241241616722587","1844.6506933388166","0.047636803828497026","35636.17270295993","9.86297952274522","29825231825.09695","0.005573477446236053","0.34728830564124635","0.6028955864270424","0.17237093189798514","0.5742595375593106"
"0.38006785","0.066797416","0.681556459","59025578.25267723","0.4136277779341543","1996.771223861313","0.051189750549753804","29733.242018446068","12.92678333972058","31240883017.31293","0.005679864405131679","0.34701360688580507","0.602804091648613","1.9463410697519703","3.006355624411073"
"0.95527647","0.105270676","0.876611452","52913025.73662582","0.43100430243715954","1877.8406440422534","0.04835716975399847","29526.004126176675","9.958176606250163","34967240493.56031","0.005727189511630096","0.3545140791621844","0.5944556202015032","1.8235468751585782","3.4169230046796937"
"0.35175019","0.040190416","0.400567004","51366204.31243885","0.40878781312252654","1773.321260656379","0.06531234553597577","24899.370441161685","12.832488397873878","37586690966.1795","0.005437024326083433","0.351812006618202","0.6039318733765144","1.0318318079866995","1.2676739356596072"
"0.70382518","0.089813905","2.172674917","59038241.71140375","0.42986001090318865","1945.0602734637487","0.06717996439480631","32261.719057401737","10.694629443647594","33371608909.577045","0.006475478399233342","0.35412763061431696","0.5998501092410516","2.474254246046451","2.7304798961781387"
"0.56723844","0.068278138","0.5145118","65283541.39377949","0.42673496649331066","2036.7008722040891","0.04636268620584263","24551.12352720409","14.534704822130564","32913861064.079082","0.0060696811354306384","0.34969264952764934","0.60148463315951","1.3328506806986218","2.31361763905337"
"0.695051","0.115955413","1.340582599","68148394.89623125","0.43125206286856843","2153.566890152745","0.04923894705792351","28891.297245118956","14.248427813648021","38346379217.43135","0.0063908578439137815","0.3511928976079176","0.6017626569284533","2.679693106991026","7.157134611596495"
"0.2131087","0.023399781","0.361569795","56397733.8971713","0.4458045384686523","1876.6577379138419","0.06181872357498827","26236.844788836697","11.474816860604385","36320002763.05453","0.005572897077669426","0.34422492969750923","0.5987178777670626","0.47168101649112393","0.8323488297794536"
"0.22873634","0.016669365","0.20535465","59173122.709498994","0.4169235132171949","2011.9005147675218","0.06284220209740508","24804.104458273465","13.774767615277476","30389683108.93513","0.006075514158962146","0.3482811746559444","0.5990381990049494","0.5058522966581231","0.6620998896210134"
"0.14281496","0.020541062","0.165040927","62732152.90976647","0.4475386353364505","2030.4808706942058","0.034173045812461694","34214.67369054398","10.772053545264681","37958542906.25022","0.006032325327327063","0.3506576891074739","0.5993595703286801","0.361032998869426","0.5996512640457861"
"0.48360824","0.052268155","0.68292798","64534304.714640684","0.40915956019849425","2053.7816398374057","0.043501766494455064","32226.653621653357","12.636344242898227","31275795963.388454","0.006167535787017697","0.3500132093196808","0.5974189346160755","1.9628123821117303","2.324468312914857"
"0.27463023","0.023282833","0.428694828","65905253.21278956","0.4285895969375979","2114.4436880524745","0.043247514938888426","32401.315712355867","13.591276250197518","35630801520.0171","0.0064771436119730715","0.35362684802818256","0.6047479558014689","1.0785099623264987","1.0296151819775237"
"0.32609742","0.043622127","0.262762339","55017670.492074616","0.42167588744384493","1963.7850165369966","0.042191173137614564","28539.520520059606","12.156222665812829","37796216543.40169","0.005940984495554086","0.347943013299851","0.6010699757137427","1.0351336571508958","1.4377550602204405"
"0.51902709","0.076959533","1.112475658","66186420.244408295","0.41892421181393497","2070.4400437570976","0.03166565724802853","27852.346394766933","13.25477905813687","35354952927.86399","0.0059784953545320724","0.35259176095297073","0.5947624075966095","2.0206301950127883","2.993464571711448"
"0.9271051","0.065174696","0.481313411","60323250.61206718","0.42586809503802586","1933.1078944781095","0.06813982185047246","25914.408657634336","13.957826737770144","37409221854.23517","0.006248994763049525","0.3449704492800197","0.6048651264962172","1.977511282530964","1.4323687707970274"
"0.20885916","0.037013047","0.342804766","57082282.46155513","0.41498268953573647","1935.7596513430465","0.045069938372159016","34654.92231582268","10.287699501789993","31478396989.254486","0.006025495283699167","0.3475866981122919","0.5974464444415402","0.9442589812553399","1.5562490593667233"
"0.29334212","0.052041076","0.524237183","59640481.08660662","0.43652162298413955","2049.6535169484755","0.038353775204675804","32434.29522601096","11.259604484795513","34236779843.59016","0.005759708435467958","0.356571166605693","0.6006998200586184","1.7498902442544046","2.583359704427119"
"0.53113752","0.053222952","0.517331332","57872690.892334856","0.44027073417198803","2022.922748586779","0.05578428160466785","32628.211414575446","10.730448670568487","30121884619.929214","0.005807338875573204","0.352034424913318","0.601302400982644","1.662507442530496","1.8321865728197206"
"1.0446707","0.113077356","1.186765364","60117382.34768249","0.4200909486103852","2101.3222814559244","0.06956046757744014","26584.449307407485","12.826352110818712","39860182957.90806","0.006024786621579079","0.35629727810121653","0.6006253002740878","2.609446787144947","5.395919880832365"
"1.0025071","0.127953104","3.019320734","51264265.72996273","0.4142679821794382","1839.3733901984065","0.03766372020167587","33922.76215076773","9.781989636985763","33549055908.502335","0.005582492745494222","0.3460578178558802","0.5945069180231094","2.573061237474651","4.906220533166051"
"0.71425725","0.101467","0.810268261","63570981.70864668","0.4511758107486844","1906.5151952321148","0.04736989880322789","32678.46017117196","10.855212310669152","32823588499.220963","0.0064357442001005535","0.35291911430718403","0.6010312671130665","2.0042021131575165","3.4513358614216805"
"0.45060143","0.077854328","0.629261292","51780781.17055893","0.4180943555007354","1799.4543792785573","0.05272479042214539","33532.40102834091","9.93789612046617","31719710524.240982","0.006128585581759997","0.3462823063475205","0.5990008034545364","1.819525456139307","2.718820195711005"
"0.34833672","0.044270117","0.533731114","61395599.07651348","0.4458304438892312","1930.435205873634","0.05299550791436109","31353.857574945385","10.48394234930324","32262063117.67606","0.005998011546451078","0.350245772571584","0.5961041082024496","1.586073430113152","1.7559225676558174"
"0.54061271","0.04314536","0.571364313","55066613.64105418","0.45007398370008517","1944.5869604233876","0.040154736738122324","33267.012229052154","9.980783889466592","31301690297.123604","0.0062544002127578","0.3463428739802707","0.597753024632292","1.9501059673550336","1.544611214847572"
"0.45474327","0.065407286","0.528555912","61433610.630134284","0.4221331375189792","1857.8957830408053","0.04387578514312947","34080.207548703176","10.979300583961404","37892482892.999016","0.006506376918258482","0.3551089799114542","0.5997735195003254","1.8392914402101836","1.938645208122215"
"0.53001114","0.050716523","0.700369334","53461604.24803855","0.4400975218692346","2041.6157606975473","0.0637731983563499","29462.319760495862","10.843300404787037","29072827213.920887","0.0056445293712637816","0.35521535122934184","0.6025263831954011","1.8154390859450258","2.1884727339183216"
"0.64532514","0.056152701","0.900154071","64064115.78527325","0.4256420986363187","1969.7500325249441","0.04445439240853738","35870.344674216365","10.0787891449969","36015632763.7032","0.005476648877083881","0.35163144538481445","0.5985942501635817","2.205667254601528","2.1873588538917628"
"0.80830743","0.087312758","0.906761838","54618627.96029002","0.4296660293449591","1955.2227650278935","0.044255047987591306","33027.66016953418","11.188421484692634","40179042634.66305","0.006268436698645199","0.35201948464806626","0.6044445261888368","2.287418503741459","3.7328548998795905"
"0.75796784","0.069137942","0.898865093","54105941.10939423","0.4181488864276866","1808.292606940667","0.03221010555593292","27500.77163351724","12.166129102049215","28526215416.176132","0.00587478047434281","0.34818804211898247","0.5991624530847944","1.7796014968847802","3.054348626303502"
"0.64730568","0.074967509","1.299424135","64522408.82990705","0.4505410229414241","2082.1894307913203","0.0477921355332647","32671.774053934765","10.518367397536316","33469358177.870094","0.006247484660152347","0.3548613103009783","0.5962768680113115","2.4740379754915804","7.053544705491566"
"0.31827374","0.058836913","0.547092591","55194467.16855033","0.44811393309132674","1927.1602262644744","0.06966843752654214","29942.33517422173","9.927361221447867","40105060998.4552","0.005781139580183471","0.35551243017484024","0.5967191980854257","1.419990682501797","2.1997288980501146"
"0.25567753","0.044350464","0.437973496","58445712.95111686","0.42015625781845384","2045.8335150136918","0.060682012177216596","26707.40294478884","11.64900278031691","38764172737.91315","0.00595059234510573","0.3525365910126383","0.5949852482266925","1.4091464230774244","1.8392818028119151"
"0.81827025","0.090006097","0.744544896","57867015.15251374","0.4282188130198014","1949.0422210750685","0.05690769992873794","25901.36980541586","13.020207768670662","36143134358.31639","0.006136914781102988","0.3501410889867495","0.6006769722708576","1.76255623966072","2.994911585444865"
"0.80865762","0.110077308","1.124052236","56802782.45522626","0.4182165515742973","1981.4542784548091","0.06463598553851761","24851.82962132848","12.676221410674616","29904330058.790848","0.006225260306643108","0.3528054063031553","0.5961752847517532","2.5343686249872563","4.547272146780982"
"1.1451723","0.143553911","3.339956439","55625618.07732285","0.4095313131703074","1848.8258933549685","0.05767168520082393","24051.099974827954","13.279009756445143","33922002371.15438","0.005842289157102972","0.354513660833947","0.5941465718149804","2.7513631340320224","5.804487996664754"
"1.1990052","0.125897036","0.9044402","60378849.14082509","0.4098319321158308","1986.003090815737","0.03932498290425235","28978.233758049882","13.97213569479783","40865573590.34137","0.0061127254735890675","0.3548617792616186","0.6041228427128452","2.1365817882293316","4.989516348900442"
"0.63002305","0.068431764","0.925633593","57746270.48215915","0.417343937303784","1836.2481419560033","0.04426452921845232","31890.287493885837","11.230827431821544","33522133687.713623","0.005697189199250992","0.3460727197056055","0.5995563761492645","1.9264367219374163","3.8604679637874115"
"0.56042362","0.067139464","0.89509057","57177622.95130777","0.4423151460577119","1915.4652320387197","0.03889793733868439","28316.004220379593","12.507532599036402","35933383365.55481","0.005642300331109388","0.3471351706515012","0.6035704370279086","2.14647241768393","2.7406038081318997"
"0.41122019","0.02739941","0.347870906","57476526.97810296","0.40944863246775604","2101.7927473478117","0.039338407532476194","29422.448336405636","12.590576511517877","30844341900.09437","0.0057968982534685595","0.34925938568946985","0.5978715815389365","1.271576410563608","0.9910769980941594"
"0.68386271","0.098375553","0.817607594","51621893.96395158","0.4150798519602083","1779.5620777624251","0.06517292445568108","26219.73865307583","11.769931977844994","36515336262.74307","0.006472431368395739","0.35444682931881943","0.6032365860303863","2.2036123595158177","2.8194246928354274"
"1.2710439","0.140944546","2.423527014","51552843.449024245","0.42859887113301876","1978.590031158972","0.058959156430006","33967.17633210074","9.87005312253751","34887361823.4258","0.00604754559599534","0.3441826446422027","0.599570569712033","2.7888955931310275","7.624859137841606"
"0.7988271","0.069531072","1.103376686","60984442.6842872","0.4255216338512774","1953.3482981835207","0.03513984632753206","31080.654626093914","12.913209652126207","34705212272.21941","0.005805433291802038","0.3534120844209801","0.6038840715043207","2.495596262220303","2.6857701047635514"
"0.57485013","0.069946597","0.429165353","63836795.58257012","0.433186366418023","2016.0436540069038","0.051577931067891825","32119.318255416496","10.461562741227846","28934192426.375744","0.005781561045831816","0.3455442075056919","0.5943210714685271","1.559975163741798","3.3208770507575696"
"0.56034113","0.081375619","0.995077073","63268175.80759174","0.4366384408093816","1779.5187942916778","0.04507097128799272","29681.7119639084","11.748089395797136","32763543984.39419","0.006473043086952493","0.35693642797074704","0.5990055219059656","1.9278383192250885","3.3774389994610123"
"0.90091911","0.098251","1.69592804","59213157.33575981","0.4306177248491808","1783.5894564478442","0.054612244220705534","24758.850692220294","13.40919453893314","38571887928.69266","0.006323021199943055","0.3515778479652138","0.5997424317461693","2.749096477951153","8.801876521313313"
"0.73402269","0.141874563","1.25459559","64252622.68770979","0.427109306083059","2045.625784278543","0.05567858805176562","26424.014329211896","12.864244983661886","31680791430.430553","0.005450019785513127","0.3560322856184051","0.5965418914927962","3.0345598059917314","5.900852786174092"
"1.2319546","0.228468471","2.246346159","56154132.147660084","0.4222852576550101","2035.986256241533","0.043858522782739454","27805.475106158927","11.254297077399716","32277192118.81416","0.005784537349212951","0.34714488597401616","0.5949357119920587","2.9196557280840123","13.344996966282613"
"0.56458621","0.06498915","0.663234392","59834286.999151655","0.4279807019348157","2036.1131100860857","0.06843637053070135","29026.520183162324","10.797830626862138","37553944598.19075","0.005893618786682972","0.3515700450760051","0.5954438909853439","2.200229395040502","2.6410049561129956"
"0.40047878","0.036471611","0.386394979","56132901.31493998","0.42321959189431246","1968.4765108203012","0.06121597501952929","33191.78859104309","10.923265973354006","33866644887.077335","0.005750439370911127","0.35413165489199716","0.6036335788084951","1.0828054310286368","1.1177812440265962"
"0.6536906","0.071979803","1.261609753","64494304.704324245","0.4375964286978287","1985.7866947160114","0.05107917121365651","27244.697109501412","13.833428511344662","33684624105.075","0.006492068119722428","0.35627436739374024","0.6035463219076803","2.1844193634356333","2.929951726303168"
"0.47624111","0.047427057","0.331461463","61828897.87196498","0.41060980589283896","2120.257062318536","0.04022578527578452","31477.854155088433","13.699098145970757","34112577153.098877","0.0060546302708226534","0.3523359855100388","0.6041036571242204","1.1636656623494261","1.4716097697326844"
"0.20960584","0.020589776","0.286405242","63403585.78473057","0.4315098502750153","1871.644825310144","0.03177468153659857","32230.139821780806","12.662143889148886","37815940351.16543","0.005562945244075963","0.35154737479408193","0.603420616304602","0.5621744656515029","1.0163399580207042"
"0.82874428","0.089033633","1.351490328","63159851.31715233","0.45054815998466174","1859.7475804799067","0.050200462214186455","33044.06736014335","10.472521605761024","29327880514.3951","0.005531941320331633","0.34592003142867517","0.5993223274339228","2.204839980602749","2.7005601781539355"
"0.11708972","0.009334695","0.123427943","58119288.38594874","0.4500782859976658","1987.0052086334194","0.055804583010302555","26756.13221152188","11.428978776539465","38709332965.43285","0.00620844294698375","0.35293795264668426","0.5982592636912446","0.18414991417173426","0.3760866645251007"
"0.40620755","0.041702124","0.41715146","59862139.913287","0.44421336672952483","1937.2670758656452","0.05117640161849006","30530.486058825914","10.423460908603257","32641137864.175076","0.0063182087931905155","0.3521444332605459","0.5952405718776218","1.1647912151160285","1.3096090291032547"
"0.62677598","0.071198127","0.891966711","60965884.06424545","0.4310694679736283","2092.4674526432523","0.043047774481522035","29026.237789571034","12.765161354098511","36682635487.57419","0.006028312347002041","0.3512643082948881","0.6007226239797218","2.5258634710317347","3.447537557133541"
"0.88910642","0.076809229","1.133478449","59254471.975186884","0.4316161091622653","2116.9339717869257","0.0505478335437949","33882.09706780347","10.164963881787402","34104330431.47586","0.0064884714920697105","0.3515378150689671","0.5951061960940492","2.538137188803799","2.527279891781567"
"0.92488851","0.114457831","0.647453943","51023070.8374804","0.41035072406683204","1796.496062687949","0.06624153235030081","31741.99915075657","9.802928533823739","28317548513.539665","0.006289227991586293","0.35231517627528336","0.5972035212167788","1.8536622978664872","5.515723129058133"
"0.77692018","0.082381896","0.979284627","66752716.94876466","0.4406648485951036","2136.480565966733","0.034780100025219765","26616.532701066488","14.233738983010449","31831375927.736164","0.005607583661645273","0.3496957680988915","0.6008099190979775","2.034988977320589","4.365430852284419"
"0.51082716","0.041818929","0.342840607","57690454.780208156","0.42834946413060876","1937.1950449734572","0.056902184034184844","33037.69396923543","12.175342757278766","27744640212.9724","0.006540464157389645","0.35645580271268656","0.605795344009147","1.1092301742059227","0.9377631918832396"
"0.13583303","0.025282105","0.204022284","55743426.91067023","0.43860146730837746","1932.3185579959024","0.06816383242473334","30983.856881247222","10.24161708573289","29920045874.864704","0.005965991876677533","0.3527182533914907","0.5987254421896547","0.4443593827054456","0.7377403555609455"
"0.46727785","0.07615389","0.817232976","60204574.61783567","0.42085911427816175","1868.4687837532217","0.05438424220192313","29889.836310236115","11.319178221263115","37546268677.86549","0.006131812263732314","0.3449693404956228","0.596294062247183","2.2470288191445884","3.705739360867972"
"0.48649891","0.05288074","0.462397658","68716088.0929493","0.4494209318965188","2133.894125302654","0.055643645533206616","28789.098585419677","14.105116414372596","29266103678.800236","0.0060964910435664914","0.3512512238003044","0.6032144900144226","1.0561218499360385","2.001367532481431"
"0.54205039","0.060639432","0.602525629","55690893.19901461","0.44786798322013016","1941.0681945392548","0.05923468856228699","34832.59088069323","9.801576068752208","34922325911.12069","0.005824285865077627","0.3538762794037841","0.5972553976954282","1.5871372239864738","2.31119674783536"
"1.2192862","0.149117605","3.40029307","65371568.957530744","0.44198457171854333","1966.119991928316","0.06415719136555667","26542.164116482127","14.4752872731998","31971787049.26548","0.00593708524515663","0.34522329153613157","0.605936779223708","2.9006809883867914","6.292164158228264"
"0.30483833","0.033191002","0.245381441","64233151.271128766","0.42261667852143436","2095.187988018236","0.06293984633623095","25934.850367680996","12.763512055957161","39719680870.47775","0.006471524163509157","0.3537981069983462","0.5947308536900524","0.7625423604883325","1.0983503283163074"
"1.1062835","0.106327984","1.473153395","64794321.300850645","0.43223937499209164","2074.511206811589","0.06001724600699732","27878.25311126009","13.938166103459679","38957851869.99556","0.005813787279734618","0.3476569291120219","0.6043759680253293","2.5157840122111925","9.666044093297916"
"0.40273752","0.045911468","0.741019155","56691072.66744639","0.429312923617865","1923.1507295249282","0.06563054752715239","30690.676425384994","11.375250250518913","28567990124.730724","0.00623739031937663","0.3513265503259711","0.6030634471159599","1.2532633021145305","1.586204226980599"
"0.2378318","0.018422044","0.22770465","56343295.643325366","0.4435988260546629","1990.518727539933","0.04046629925246473","31079.23823233523","10.203458393050072","38531702123.63514","0.005801583604019136","0.3516062465879411","0.5953639747769552","0.5099222684534537","0.774143477063841"
"0.78745653","0.111995951","0.687724915","62805680.85836275","0.42362519150222044","1973.629513040139","0.03838293910067396","29271.98453895767","13.134334711965582","40060727744.081535","0.005588584767049208","0.3496416390034672","0.6012465800532959","2.709092578303761","3.6825046127049816"
"0.44012363","0.045010872","0.610371209","61974595.1724272","0.41446427542862574","2125.7498596633795","0.05814104162901976","25911.286115492083","13.484120869727734","34089560336.222572","0.005974654497132455","0.3466471791453486","0.5964533421200939","1.753121208185597","1.9818906144582253"
"0.60612326","0.052740105","0.846217288","62766793.6970144","0.43676093159445173","2053.8075613271494","0.05941117897177438","24374.638327098648","14.442396190359275","30648737045.09277","0.006207732034525617","0.34619097623357364","0.6026162228970011","2.2330966943451465","1.975182837986978"
"0.1910239","0.024846404","0.144759908","65098163.669996835","0.44843510625402516","2028.1188404708391","0.04028450080392369","24934.43659334596","12.673834745603065","31396742154.48324","0.005978153208419944","0.35124908083419154","0.5942814646181548","0.3300348728712501","0.7774762584495649"
"0.48670996","0.05670549","0.664429094","57269396.428407416","0.43363192225127145","1850.118195804516","0.04723935981557459","35707.45917665861","9.878335857799012","31658626287.164513","0.005696724310187325","0.35129836428525446","0.5999968116400465","1.5768618817854059","2.57672362158638"
"0.87421378","0.058306611","0.952876179","52470721.42114721","0.4257880393805123","1801.6412291922252","0.03897221940510502","25452.09809279435","11.471762337177893","28590529890.53036","0.005817618074819711","0.34889454063417596","0.5963063611794037","2.021541456745536","3.411754587727436"
"0.10152883","0.019040526","0.172589813","63009720.50761961","0.4275660109795072","1938.906734576137","0.04343418033950733","33223.543396212306","12.315978449728641","31400665045.9518","0.005647092325715655","0.34504890661057236","0.6038670134502645","0.19560312197692817","0.7639211126672623"
"0.5242831","0.095328726","0.94709155","58854106.61179175","0.43212619235008776","2113.6251485274984","0.03506650435426994","26296.56324144841","14.030309130342884","31821548720.278122","0.006096055387682324","0.346722282879265","0.6031874973537283","2.5808645390540526","4.622857608069126"
"0.53552199","0.065714946","0.658459278","56486233.69391482","0.4100231450507305","1948.2398461070088","0.05874110569661282","28836.6161107668","11.015369063736133","30671488273.19621","0.006214410828302755","0.35270907897849774","0.5946951873594147","1.9867089940338378","2.3867098073542934"
"0.738207","0.084399939","0.882813308","56583626.962735355","0.4239670587075966","1928.341015910276","0.06703116851259183","27502.964525555373","11.465508920280653","39758908967.84571","0.006102417648066524","0.3554909013098468","0.5986596443787934","2.1414863556382704","2.873605202817426"
"0.97368119","0.119178869","2.719479818","59758815.929682404","0.43697031250754725","2065.2038465951064","0.060921664958032605","33135.57816262835","10.627768464912757","37512585568.05465","0.005864284095251039","0.3533730728879075","0.5999048462869471","2.7862502908102886","4.255598246523464"
"0.46821528","0.065305292","0.527206838","51762803.96895291","0.43035198953738785","1904.614652997288","0.057373242673366104","31693.98373917766","9.940826727517456","33176880059.48178","0.006578933023211182","0.3544006537035679","0.5974104782144223","1.5010065796791794","1.9387674062995672"
"0.7520461","0.077078894","1.06460634","54268511.63388084","0.41736514573519806","1935.6098710183655","0.04865907707147383","29722.164630106257","11.587357696818707","37537020091.894295","0.005592385735754892","0.35223826131892316","0.601670848408569","2.2283953832891856","5.102986702468188"
"0.55369699","0.071006075","0.857444514","56975045.99700287","0.4339837766987465","1839.623077267148","0.04889510397188547","33978.65117414743","10.266839089247206","31528823247.384388","0.0058188480291148145","0.34414421021952596","0.5996779844539935","2.2088151191955294","3.1939378614314817"
"0.70871256","0.055309842","0.705184246","64148937.8330693","0.43407224549148377","2132.822395104015","0.06776484118217446","33581.01967242709","11.160429160958454","33428307177.11767","0.00566104608553534","0.3500900926883061","0.6008171406534467","2.520939213830913","2.1421352949230386"
"0.26209273","0.037331301","0.231618016","55249727.24512677","0.4120724914456698","2061.2479835357","0.042537200791117884","26389.788803671585","13.698223022376949","35625025225.42592","0.006273025381444965","0.353247006613485","0.6025485040618122","0.8292094081024209","0.857718083206136"
"0.65801483","0.075748876","1.339190831","57811911.8857454","0.44587391322042924","2003.2486605795787","0.04560318710676766","27776.681181895277","11.551339604573615","37995043523.05927","0.006221984851309534","0.3521285250819733","0.5982222111834744","2.429457043929026","3.277159056018513"
"0.40174687","0.034872477","0.593397319","55696031.0113611","0.4388069208009268","2017.018059318597","0.04904990892085306","25329.96352109584","12.11582245822374","41032641478.10352","0.006311991860725292","0.3464967715340179","0.59637257377898","1.7393436076618978","1.319065915090039"
"0.25725528","0.032607462","0.187244364","67148452.9108263","0.4397306562459969","2103.0512348470716","0.031246010917106198","32233.653853765303","13.53507760222776","29835045054.996155","0.005647114633355412","0.34353784206188037","0.6027504725616045","0.5492615418923664","1.0441400295645478"
"0.5919882","0.080923781","0.974304881","52537475.17469971","0.4193984153540731","1795.9479270184045","0.056380625758573936","25931.505428353812","11.620895238279724","29393199698.24172","0.005442546107107997","0.345247159918422","0.5993696690706655","1.7776544942540589","3.1284442653482194"
"0.56026686","0.042812886","0.313146115","52816716.57976362","0.4414702833798802","1874.3621318192174","0.04992529779050748","25827.052685985367","12.845265203456048","29021480277.088524","0.005526347307020662","0.34783342296911285","0.6052797501582103","1.128583998935337","0.8537410314672558"
"0.24042693","0.042644832","0.408699221","63800435.10349709","0.4308109451257676","2063.6675435520096","0.05019768408695016","24396.11103214466","14.189435141958105","33850920171.998142","0.006298622120581349","0.35054182891727564","0.5969351680139314","1.150085246266038","1.8512059660755669"
"0.76213595","0.1393039","1.37995259","61598443.25453747","0.4134741449525964","2011.1356001233376","0.06076968799137961","29503.909067787114","11.440209903215218","32789508011.300896","0.006255889653730855","0.34930804845729957","0.594842844749786","2.7549355495708245","5.853375197800383"
"0.40723959","0.044973174","0.377497872","52610255.014733665","0.41616095842900136","1875.7647776800484","0.046915673201675064","27656.0453564299","12.97226927110769","40169603102.18113","0.005986474082767321","0.35333940765089","0.6054422946619956","1.182490213435506","1.4498522555818925"
"0.51327089","0.067975763","0.703614274","53202123.13597618","0.41450691063327144","1800.8661886816874","0.0394733602136564","31252.223417038138","10.519120033982624","37879669273.52703","0.006565862118003162","0.35187610121321733","0.597055633311419","1.8196891482012767","2.2297935101690203"
"0.25144631","0.027475091","0.535177754","56508327.21308879","0.4463391213316757","1872.5754586990054","0.04113211665202827","32240.126148783427","10.096411235893127","31512646942.320683","0.005586966124658464","0.3439116712149601","0.5963170265262617","0.6984427128888446","1.0808990329362493"
"0.19852981","0.019955435","0.140057285","56847497.551879816","0.43159330025909665","1788.9510472909546","0.04799862079957889","25491.786428949457","13.39367604290881","35975903642.58882","0.005686274693196846","0.34453447813362476","0.6032095445084512","0.26885102819330964","0.5825834453729302"
"0.29135818","0.051402499","0.424521144","51213975.50237941","0.4129468549624623","1771.317561291798","0.05119377358022092","27524.079343691752","9.97411536465863","36541302775.81587","0.00642259428788846","0.35441840811023934","0.5943985251867087","1.3052453465019904","1.7105701799038944"
"0.54103003","0.069131692","0.757250348","51118985.58816014","0.4264492884378525","1789.954269835163","0.06958965572407579","26933.48480756691","10.527774855136265","31575439599.789288","0.006475851421107404","0.34842548018979147","0.603126147846922","1.989140863083129","2.2109769003532525"
"0.39364017","0.034099115","0.471926229","52797979.79312484","0.43577096364397894","1891.6865773780019","0.06492037541281864","25657.163851704387","11.100642310139794","31330226018.741898","0.006291363175759937","0.3492565543090204","0.597499245752699","1.1322603965416866","1.234341462775133"
"0.78997878","0.09113658","0.764529432","55222499.673820905","0.43075228055937","1817.581042809221","0.04484641083574315","34706.25418430139","10.223005514595753","34366379911.02805","0.006057763848059519","0.35099730445464616","0.6022636272191477","2.4225782174076818","3.495804932897817"
"0.92932464","0.114457663","2.118801372","67875588.39132175","0.410690272311588","2155.8842342175653","0.034537098536893476","32316.180239546047","14.083428194132738","33087292423.47336","0.005955527734067677","0.35243682756040223","0.599840211229962","2.9894396788534667","7.782552655617265"
"0.69285085","0.084873459","1.285562673","59825761.12625539","0.4206409037229339","2099.4055587199414","0.03493727505802541","28372.175693662037","13.060148861912444","33034379736.634125","0.0064807172995424685","0.3567640991958694","0.599420130596238","2.515566196422575","2.4930123612987933"
"0.5731638","0.065259442","0.440415646","60588261.721511096","0.4223127972025175","1840.1169864563012","0.06461042734843529","30274.69122405304","12.448748815297598","32135182364.199486","0.005944825191931989","0.35008311381416907","0.6042030085328073","1.4566859961262586","2.663405098719549"
"0.1464216","0.013129105","0.172730501","57660238.0490433","0.4238436994535556","1814.548746255587","0.03862297191694706","30100.04826232537","11.571348831575722","39479864726.86493","0.006056377412546541","0.3454441426315761","0.5989669523263853","0.2658953825683765","0.5988564925943686"
"0.15592123","0.011771645","0.086081555","56457470.42666366","0.42042515960671795","2062.1018812697703","0.032724618401779836","31387.03679962756","12.045212160670342","39826709940.38967","0.006412796404544284","0.3566506263857121","0.6016273756382788","0.3185941829537728","0.2744742626940031"
"0.30125296","0.060429754","0.518459099","57941984.409257695","0.4280198938596333","1915.0324400018292","0.05971991140234932","26038.03370218439","11.977082638476706","27933639695.14292","0.005661013092278824","0.35285006411439274","0.5968372210780829","1.366814708529163","2.023029883122509"
"0.46566366","0.064300766","0.772711176","57045779.95786568","0.4442848325911934","1925.3229878709828","0.031157520895005675","27078.89335354534","12.246399923514524","28158583214.57405","0.005987839540784765","0.34868594827047633","0.5985982437465377","1.9296766473233322","3.0423389103962677"
"0.43160994","0.048619768","0.431844867","56008786.1835394","0.41161188124859044","1821.9823111285707","0.04697992493535086","27722.815305971864","12.120789677849308","40451254150.19665","0.005986439577476401","0.34905336905813444","0.5981476253990439","1.2599551643625584","1.5796836952098103"
"0.64829919","0.053632007","0.570585603","51990433.4859325","0.4092201515863912","2073.60302909337","0.05452259555528072","34682.14561459764","9.922188060201378","31029761737.480553","0.0061508083447118144","0.35331854458996614","0.5964711055960182","1.6498794256359497","1.772388992533406"
"0.46129688","0.058460043","1.481182527","57032161.91473221","0.4341825317006612","1930.0984726911972","0.041416062885286715","31213.489207452956","10.895271133444272","36072494958.49776","0.006402999549195061","0.350247166177316","0.5981711540906101","2.050942686831609","2.404453234152602"
"0.71073134","0.094485051","0.748192314","68817339.90659644","0.4415310376380577","2147.5946574565337","0.0456213427786263","26972.894292342167","14.33496595087946","28243792144.0129","0.006580222242121518","0.3562083694312117","0.5981510373452689","1.5604669057747855","3.5670395335343885"
"0.83535519","0.13797126","1.600424993","60854097.56124813","0.42491236213208505","2002.070582620632","0.042923637122497214","27194.192405836275","12.736254944233394","39187960229.35078","0.00625852033990111","0.3568107319586818","0.5978714049353124","2.681324381876227","9.598334276786238"
"0.23078903","0.02591597","0.408062409","55940510.974373125","0.4191411583116874","1913.662359962924","0.05033120779807325","27729.868814425434","13.371979190768823","32110532224.331573","0.0057587029922723755","0.3514889382629013","0.6051382159288476","0.6694098908554282","0.9553876455136947"
"0.81134838","0.058216369","0.682307037","63209835.08124179","0.43575053533386593","2128.8969299996525","0.0659263845580174","29713.541027802938","13.30819686366084","38434295189.89617","0.006435589327205625","0.3491884271629432","0.6047363303380625","2.8692001556932474","2.0280121937550346"
"0.3466307","0.049851046","0.391372546","59301826.50965633","0.4266177826273859","2054.185382981602","0.05241135079637838","33197.22357705445","11.09571512143917","33288156352.337296","0.006427883307705623","0.3565084786419154","0.6008549091151626","1.2449406001695804","1.4768677309644558"
"0.93915042","0.114283442","2.099637589","57725677.056016706","0.43661221050489657","1857.4558927008784","0.03227505428177681","28252.545962377386","12.211445045637417","29470276578.970634","0.005937286671012289","0.35037029805586717","0.5998680627229575","2.6133215044653815","7.2968011483823"
"0.44321676","0.038531525","0.636207598","61311752.99816636","0.42398242540415626","2090.602755555795","0.04848107949719857","35329.86008285903","11.348932761017593","35330464915.359024","0.006182742785570397","0.3492052999296072","0.6042407948248129","1.910181386402964","1.5059907213580401"
"0.1058691","0.014345118","0.085664653","62050831.08009037","0.43695148956600194","2058.1297546868354","0.057434009452514125","31273.60945850245","11.719369995016464","38460898507.77243","0.005685468003679296","0.35185834585995585","0.6013018411792621","0.17811198331635786","0.44777930118154624"
"0.099405827","0.014751596","0.215422917","51917359.91030125","0.44012093001760194","1945.579510130159","0.04686057543466452","28395.638028653895","10.892040345875216","40342069132.95592","0.00616951710716327","0.35011670782577525","0.6015939557331464","0.3008872043804759","0.7151656049452728"
"0.60719762","0.046737112","0.47027893","62035362.52570884","0.4407409065528386","2026.0044247604453","0.05963587599990557","28507.245009476675","11.424110042563811","34870045470.54569","0.00548517449632291","0.3508721985437827","0.5967876483738971","1.4229207439213332","1.2668445063797151"
"0.22590289","0.044459434","0.387643104","60658762.36171305","0.42016649511235604","2042.130308955158","0.05489061982892989","28516.090883443114","12.348421274568622","31002093657.144688","0.005813531240219509","0.3461114798767162","0.5978920029226427","0.8817234724145341","1.6131609962401392"
"0.72197018","0.127693732","1.286149139","53737649.79461771","0.4340636264493176","1814.0321908044123","0.06177031559237036","25799.51362260961","12.140930150311117","40551476070.81613","0.005746790569711053","0.34829379742332633","0.602554105295606","2.81915439641148","5.81877458246319"
"0.34688406","0.032105984","0.32319154","65174506.12365513","0.42607722441521706","1998.102755009646","0.06591047805572522","24806.019358881025","14.30818463312146","29087110459.165768","0.005728784197155634","0.3550268885216267","0.6020123311228489","0.8831002585641884","1.0492379816877235"
"0.28395334","0.035754287","0.361387494","59888495.71576473","0.44066640117796096","2092.387644888696","0.0510044587001972","25601.6403753916","12.235249970311923","35555144325.15306","0.0057811258984757875","0.3490904170596967","0.5953560127946423","0.8963092563173987","1.3288796149089717"
"0.40901167","0.052071633","1.226338468","66726433.98267122","0.448174908970645","2001.2103183489846","0.047491347674364165","31273.342963042134","12.02188367107696","34564739996.252144","0.006303727816553841","0.34610687913961163","0.599098594167287","1.9383908637462728","2.400172981014552"
"0.73077439","0.093231655","0.714358508","66563225.44864784","0.4481600888263926","2030.433465880014","0.03280496784321078","28762.199299619322","13.032662673476183","32197284360.89032","0.005654643682875664","0.34961681847779025","0.5989408606160976","1.4783710307657318","3.4403036092916404"
"0.42231611","0.08636147","0.831610753","66488905.51903413","0.4354159339382739","1997.1948421800162","0.057621316595476584","28241.914954014952","11.35908804420937","39402221629.60633","0.006434124645706733","0.3525996174165124","0.5941173812105781","2.0415589399976892","3.646804393400829"
"0.34703997","0.037328667","0.63097053","53729204.157439016","0.4277443573151144","1895.26698467296","0.060230974634869254","28871.485386079054","11.269978808111777","41334368243.961876","0.005769887937694199","0.34886361371713376","0.6020952577474608","1.4327846277674445","1.3100403748269571"
"0.13504342","0.011015018","0.150350251","60396131.0700044","0.42079862779139104","1853.1294999954794","0.05504784283084288","35255.795234066805","10.473169301615746","36960218315.28869","0.005697142159018821","0.34685575037174954","0.6016573650879269","0.2921366970392406","0.42405166695548574"
"0.33670574","0.03620998","0.365700817","64746378.544516206","0.43816222879032896","2117.9812442081566","0.03286145314654759","29811.132232255957","11.971190972671039","33948991390.563396","0.00551158061781386","0.35382185396125726","0.5954078287255626","1.1301521183603138","1.236245297170338"
"0.55901747","0.0673746","1.230231684","52635618.50890291","0.42709847034299026","1897.4293539993955","0.0445711958589179","31591.234326257883","12.066669531574602","40030903156.286026","0.006285396840960331","0.34742562508306746","0.6058595237019965","2.3105347482938745","2.8752617391891016"
"0.68969993","0.060139711","0.906771846","56306177.594491936","0.4222328981009467","1929.3561068632712","0.0305293015071616","26909.59891245985","13.215119964674466","33120202665.77274","0.005728866543537374","0.35534269767942134","0.6008627843219693","2.34877339363158","2.161463757672876"
"0.66319431","0.084093366","0.483011215","66029423.319145806","0.45085197849922437","2054.7348901537243","0.042078872646313714","32610.011598151996","11.162117499888181","28727762777.86405","0.0055762875551995834","0.3521401504698093","0.5989948149218539","1.639881208268057","3.697337818759895"
"0.42140437","0.051754771","0.841136189","68991549.79675628","0.44399388263551776","2133.386005283077","0.030801941375430245","34925.800519996585","13.957561894024181","30022989349.46847","0.005933012526197468","0.3530120661326067","0.6028106827223463","1.645443212719253","2.5318672649051392"
"0.30946402","0.024464439","0.224335172","63873675.1515087","0.4086813889137356","1887.560871928735","0.06439763882498112","27333.448936905355","13.911815630982234","31873725459.21569","0.005972939656234926","0.3444495182202819","0.5999213274708418","0.5737570422653994","0.5924844326000217"
"0.40094424","0.076969748","0.607853431","53947023.7167106","0.43237526397125475","1785.0921675744448","0.03721124711879333","28715.985548040808","11.778158359108124","35088097218.37488","0.005578175923709812","0.350995624047489","0.6034758560091018","2.312836165376477","2.1872138323260124"
"0.53657421","0.072313256","0.904046626","64427979.63935672","0.41706230196138094","1874.2932016752636","0.04644502474979064","26864.600173775852","13.583690476536079","34268661586.725388","0.006099940851379007","0.35073170300318784","0.5984282968305111","2.1304536668968073","3.8587291542831483"
"0.48630526","0.058684027","0.580809348","57773054.175029814","0.4471059109428441","1999.931163899114","0.06315817312723557","30693.79365416998","10.063945810511237","29889918932.706356","0.005629537458581341","0.3482075094433415","0.595257529058968","1.741214483879026","1.9958088663548035"
"0.10370462","0.013859518","0.141134791","66680919.66524426","0.44565201854248326","2043.4322520443973","0.05577675427243027","27692.24233109553","13.535665486892075","40908993655.06577","0.006408893476215177","0.3554593812892704","0.6020313547732549","0.1892963551969239","0.5504648983652237"
"0.39005368","0.049966806","1.189563116","63427498.284410305","0.43883114584410904","2082.4041069141767","0.03483352353512265","31597.42486943058","11.353925321469214","30693164926.601887","0.00596110469380365","0.34554553605257227","0.5956713494343829","1.9014564884954313","2.3650912207122747"
"0.52245442","0.056247006","0.411579623","55965003.604455344","0.4270129464221792","2002.638331865505","0.04968184980876836","26195.59981377674","11.81624564540633","33331156546.079304","0.0063166935732582976","0.3498563547785796","0.5956985312003664","1.2964011583511865","1.7657656066974936"
"0.78956438","0.149860062","1.341902981","56256850.300693795","0.44859268273286995","2078.3537716370433","0.04350535245934386","33945.685810728115","10.701383380973912","28150232466.428596","0.006032432585880906","0.34612511430331083","0.6039221405855877","2.584740107829817","8.47016779163791"
"0.14197666","0.014928057","0.255773889","55960146.261126176","0.42563275187190364","1889.382488639634","0.062117930768125496","30063.326676164666","10.626276015742011","31783526665.829575","0.005883797650128271","0.34600037981668275","0.5971814262544874","0.33542040351940355","0.5473194428162684"
"0.16227819","0.011749732","0.140795273","65027027.702494375","0.4394253893577605","1941.097113809104","0.054246581729355405","25090.33378287115","12.690790253232082","37210164037.0914","0.00581714124470488","0.3460082199445985","0.5944483841946556","0.1951148704602889","0.4447679284021153"
"0.50371622","0.059164592","0.486389884","54434622.47057214","0.440563752656351","1812.8365565804656","0.05913109074032942","29625.049945210205","10.365392246695556","31525488406.572475","0.006020700789798473","0.3457514843087397","0.598160557047818","1.4592643767610805","1.5403780282570574"
"0.38983433","0.04921483","0.924952709","54708626.71202724","0.4259008473422318","1996.5765770044623","0.03962436050482628","30583.501173508786","12.322838633428544","32339502250.78114","0.006494264206018387","0.35547598276742587","0.604719948798082","1.9851256430190656","2.210401390083345"
"0.59057241","0.049658472","0.940817017","60159834.72872656","0.445421700556459","1966.7695463520126","0.0627860249273885","34823.77680405215","9.766041078606625","30946541154.992096","0.006327864536616417","0.34600385531973543","0.5940077331059676","1.7911442992721218","1.9700405744883778"
"0.90666282","0.093322729","0.739292776","64755359.17551317","0.41847250383870666","1928.741172334581","0.0500187331339261","28967.427899850423","14.028302630315872","33076643480.04154","0.0064723471118388895","0.3499932147510177","0.604279781781987","2.3135757836257858","6.801215355430193"
"0.85402242","0.07277766","0.976906586","58600890.687684946","0.4149384353272101","1872.1821519723494","0.04884948533932963","31056.785961096924","10.934097691370424","35340906668.15894","0.005586666100177052","0.3493057728143153","0.5961955017319135","1.984760362375352","2.894796401948613"
"0.23503132","0.0191767","0.155416946","59686979.044929296","0.40884071444987513","1907.4609665554813","0.04789130750104782","33206.73526569104","11.808055627910194","39581319681.58772","0.006488187844633766","0.3559206131056699","0.5999983923739263","0.5825629023121931","0.45346601835480627"
"0.34082153","0.060888835","0.554141682","68099946.82076864","0.4284174700534603","2110.548994127031","0.04414343690267347","25807.25281654988","14.507737097108219","34980980105.425156","0.0058874044841263394","0.34367047645150195","0.6001138335681794","1.5638538076678716","3.015878256795787"
"0.33923671","0.061748473","0.613096637","65001743.63683309","0.4133430058436379","1929.04135402945","0.06266076148687527","31602.02884790366","12.705596600504295","30911641574.30038","0.006360350490161396","0.34470434131575933","0.6008851858253722","1.782833512295729","2.847743071699714"
"0.68146432","0.074353516","0.63569334","51461849.443803884","0.41518222552158307","1900.1021238919143","0.04707798571303997","28337.84941657764","11.019666152191535","34751162924.5515","0.005583417863343812","0.3459957758439214","0.6003649319307246","1.64425688766634","2.374359045050211"
"0.26351695","0.031028258","0.323887962","63669910.23577742","0.41956616793656537","2034.4531159620974","0.05054910538696318","25364.391532571164","14.016093269998809","30146540068.605984","0.006092011548126647","0.3538826534153605","0.5985545989447261","0.7852509994085334","1.1027819501817449"
"0.87407922","0.11191402","2.669865611","54282520.39642642","0.41221442751981086","1923.8623692667475","0.045439532738483474","26059.24085876279","12.474648496269273","38448220416.758804","0.006533603148700697","0.34591693353771824","0.5967347493520285","2.664650758323958","3.837394867123663"
"0.58646388","0.055370167","0.379414777","60042835.83639426","0.4305792303941286","1930.6807893203588","0.03998988553594842","28239.981128170213","13.79324452858499","35859060204.85886","0.006223176641911185","0.35000146934412585","0.6051798962176783","1.2858879195308726","1.5433632231708896"
"0.23115449","0.024942415","0.338266637","52264697.91801334","0.4109939618118828","1823.6436175408296","0.055437556960705556","26333.433207039474","12.867658699691539","30584319406.633728","0.006438124470765292","0.356200962833185","0.6041349375217252","0.6800687871029094","1.10510761686888"
"0.22483266","0.023285226","0.398475982","52550967.913237706","0.42710221266637044","1939.8050298999724","0.052143871910677306","27004.641366676045","10.556500277620335","37171224844.11863","0.005876883014143591","0.34877488525289135","0.595176219364733","0.8732986796239826","0.8502055492068034"
"0.44621775","0.036980173","0.512416504","59985270.48678435","0.42043390606128495","1869.4787938566406","0.038475102558990344","29946.621874850287","13.191211708182088","36126744355.752426","0.005969457143625323","0.35111129511078626","0.6042319148537632","1.6579154520318504","1.459792961132546"
"0.32586091","0.046885621","0.40191903","58053837.28449633","0.43838822137887656","1960.0829186519766","0.052698225888138946","27612.31907782659","13.066252006436168","34845619339.73938","0.006420125047358535","0.3445148747032375","0.6040121105746834","1.1783879376952529","1.4260902190148244"
"0.82255758","0.093081586","1.170040945","66987582.063635916","0.4441346003009605","1875.4278529686362","0.032171405273992704","33084.06240070961","12.934816994093312","36045333851.5575","0.006367571721313485","0.34611508146979064","0.6036196333574114","2.592306236301751","5.684248027234575"
"0.6738341","0.057123878","0.841216434","57168479.04728303","0.43813366806109366","1937.9738929511245","0.05798490308776098","27095.537282583697","12.21670615392073","30611380835.10369","0.005902015143463431","0.3516410262719983","0.6015974335099058","2.1493234460286095","1.8213405999957202"
"0.94070835","0.118393582","0.676881489","58872348.588006176","0.41584792533108594","2026.9264812698746","0.04007105204938152","33114.50616079312","11.75763339778956","33977310305.098095","0.006151658585948407","0.3466622571850607","0.6010742500411249","2.2009012554657486","7.653982114706724"
"0.27406638","0.037530886","0.452052784","61240579.94488782","0.4402429018743314","2000.9953032605663","0.030239391341533896","35731.28849211392","9.987936656484575","28177196499.615314","0.0059661249495268935","0.3469457532703911","0.5957137339304115","0.8531998711251628","1.7914101254542174"
"0.6964462","0.051762923","0.378450921","56734754.70497612","0.4468841217615035","2054.084012014035","0.05460923962636344","29037.803983414276","10.712779699741855","33937973277.62521","0.0062118743892546294","0.3499293487158741","0.5969618194880527","1.5555634790456867","1.076729109165784"
"0.7176322","0.135053413","1.081567449","59514513.138115756","0.42371518697803146","2104.9547934773987","0.06176012375474156","35961.27188709137","9.78253413061883","31204582591.618053","0.005663808968996819","0.3444515500253286","0.5957332627914264","2.8376511389974723","5.395900399454491"
"0.33613262","0.056753835","0.564574188","66857143.46382429","0.43128771739415755","2039.553231373572","0.05540578392642066","32832.52344849839","12.854402835950697","39108517120.49838","0.005806050244677432","0.35180793649254205","0.6038657206276241","1.737203707600877","2.7656022435056724"
"0.34729643","0.038517928","0.328421984","55353403.48924099","0.4431296390659368","1966.7435737481153","0.05319248750185274","24317.258597600267","12.502501521306376","29661813148.763214","0.0055122147835530485","0.35046446065638537","0.5964563492971717","0.7443976257540237","1.258938998762413"
"0.2944972","0.040881319","0.420921119","51507862.744211815","0.42127594326374357","1807.1809559952055","0.033780527449467176","31525.37644923759","10.684376667449467","35746515213.94917","0.006578350110169808","0.35038501893288776","0.6022277111594501","1.0917548725734119","1.3313449718445547"
"0.63319403","0.071966997","1.537039506","59120873.32595727","0.41847290833218964","1942.643703487903","0.03817500667086317","29389.840109060257","11.00506188842617","29134397908.400208","0.005935775206453347","0.34532759439413097","0.5942700053834628","2.000108449279745","2.707446982584789"
"0.90556713","0.117738723","0.91602186","58103659.26232409","0.436475885459924","1825.8552243688096","0.056392923412882025","27408.753072719413","12.207082596719484","34018774329.365753","0.006464589779781034","0.3495472559400993","0.6011620119647139","1.6465231328862246","4.136304873071711"
"0.39761289","0.037732674","0.521751893","53646706.59851376","0.4427972439074185","1772.8576880117223","0.06681474701187995","25361.680834682968","10.20008702734446","28806481041.998333","0.006117014694382569","0.354301338836727","0.5944037610782843","0.9120553431764671","1.4908406144263509"
"0.35736819","0.04201616","0.578604118","56822912.33541081","0.422993663179804","2069.0705982732584","0.0554263861433854","26313.941040019363","13.047898800254039","35291312003.54565","0.006448773960708485","0.35671839928676624","0.6011870221059277","1.7328262387948843","1.6025082158975537"
"0.43528888","0.031897701","0.384443975","67936669.72700454","0.44498108836465916","1912.0697258073744","0.03946643994370796","25136.898600450844","14.417251358827356","35952091277.085625","0.0059348557089672505","0.3471872886263063","0.600706575634101","1.0312597750675945","1.2127103072348302"
"0.69665872","0.111430507","1.008489314","58021712.050102785","0.4315458234395354","1946.7277275432798","0.04813512310484472","28931.23837040704","11.16865267360368","34233048998.47477","0.00565880704113807","0.3527905102048752","0.5968120430589754","2.6092160076110487","4.250680973901792"
"0.64701662","0.06576558","1.083656293","63713281.78987965","0.421498528052537","1964.2861067463912","0.046150196961211004","24897.59184140882","14.427894609058539","27861873254.574978","0.0054825510696584175","0.3507629654028012","0.6023532880551579","2.1406959744330867","2.613848427860223"
"1.0898135","0.097760535","1.863919659","59756173.20105588","0.43040441446202177","2101.802405193539","0.04944892617019749","24106.085694037552","14.048850014000138","28850471618.14195","0.0054349199940198","0.3501190937558778","0.5960142296804405","2.7089055770889963","3.976675736307026"
"0.64899109","0.081194524","0.495647819","60957270.96824428","0.4440875193460803","2037.9918062202007","0.06482044202797001","27441.46642918223","13.642761638907308","34323338414.669044","0.005593845720052257","0.3524269564371749","0.6057567708184038","1.7314675116073277","3.9818623407977602"
"0.72651923","0.082473661","0.963400797","68691728.02945161","0.4451127479607188","2009.0521991167168","0.052004673068267206","29508.978619596528","13.218991826245446","37279348856.71871","0.00620665227795373","0.3523712396391988","0.5983323762772528","1.9227013216302253","4.005112779032841"
"0.4433759","0.043269268","0.74251475","51295726.951840706","0.41781441261265784","1797.8680521756926","0.06732958964689832","25745.328184448153","11.94280199532467","39815627755.7065","0.006351015591076576","0.3537949065994557","0.6046574980446182","1.68997952081442","1.6796306020709064"
"0.44627905","0.093177602","0.766340904","57289732.33783204","0.44220725530959853","1966.0776162262507","0.05109521640093911","25984.153485324627","14.041886761347227","37858202081.27364","0.005921836002938521","0.3554027391916384","0.60587789477214","2.6985984301030608","3.326866229708761"
"0.4367648","0.061127407","0.721466569","57842247.82914592","0.4168124494603417","2142.8207113646104","0.04259415919710699","29669.837057669007","13.045736908674295","28328453493.270584","0.005804714766599755","0.3557071509159565","0.6029509548661272","1.9856019182984048","2.9155470064376683"
"0.28239486","0.034037401","0.347096243","55905090.919152096","0.4255358838165332","1804.915727723675","0.03236855656521094","27432.064997325575","13.19571826006913","38844751370.33817","0.00657076303328473","0.34632891341053634","0.6028866443872736","1.234342822196608","1.1500173803083524"
"0.91076821","0.070786648","0.754970962","67719369.98646808","0.4375833590352379","2030.1260275857428","0.046864539973172865","27102.28312364442","12.192284638176956","31956616646.26632","0.00569917709856809","0.3450583934596286","0.5940777889385456","2.209454354014951","2.860179010124769"
"0.46030762","0.058467247","1.459299487","56095307.78609552","0.41322274630211314","1959.0672557612966","0.04493915074748493","26095.279019433885","12.576719444288225","35193803555.43455","0.0064085396159604836","0.35013719183031033","0.5962278197385864","2.1036335934602355","2.3926364893935665"
"0.84403709","0.120794026","0.960701343","57931099.87328784","0.4511051826817855","1863.4457769515989","0.03996713219380632","28913.373560975568","10.682666754597923","31064881599.06721","0.005752265936480729","0.3453803408415915","0.5975111217191335","2.1221683181620397","4.233056858565617"
"0.11631854","0.015066523","0.190556007","51930643.12443099","0.40863094788563203","2035.3457024771885","0.030349531526792185","33052.40979531387","11.297175794134212","39475674534.81065","0.0065474322319075675","0.3476306406071091","0.5990838428614949","0.4304197551879777","0.7085870432196774"
"0.4708678","0.053113985","0.784429541","52994268.77965053","0.4194778539492484","1968.2124089802576","0.06940990670736955","26368.61789324948","10.913690244323128","30216538342.889446","0.006049901015623467","0.34425161305871216","0.5962769830584571","1.7305097135609844","1.8535973225753344"
"0.47934274","0.040370893","0.560522857","64089632.442896284","0.444061456519637","1808.3574539761153","0.04816489109277291","28968.92229578152","10.43057720254543","32136496291.07948","0.005885132204655574","0.35368591461943555","0.5940979115189362","1.6161036919708596","1.6915602749487584"
"0.22815429","0.03164586","0.340718205","59134396.98928469","0.4208514312848306","1821.292089313796","0.0490254829729453","29013.059048995194","12.716342362404632","29210330587.380646","0.005721368768214143","0.34728485045307156","0.6029606225569735","0.5714783495794977","0.89020199615712"
"0.87877985","0.099989833","1.250840824","55790074.6203458","0.4327663539833553","1850.7408702888888","0.059356849916732804","25856.76252332239","13.295971628861112","30035469616.800865","0.006021632268174886","0.3484873737159549","0.604673615838533","2.7431762802082296","5.029104537751533"
"0.13330715","0.015818259","0.245071222","58493343.84821549","0.41705778030477675","1962.7116294755779","0.0660761888240457","32739.91760227924","10.614702254001045","40725545859.26576","0.0062289454183120305","0.3526126283371192","0.5983014251449742","0.44076023417230864","0.5061089232123681"
"0.77168346","0.096700113","0.551356969","56991273.80289939","0.4282164351053996","2057.2933355843115","0.033756735521697466","31525.786362355164","11.20434499616523","37078581200.85712","0.005704049090147584","0.34936297335965266","0.5981850159906777","1.9453586876223647","4.6434905977151"
"0.55900827","0.047600729","0.649331056","51192953.494685166","0.4173766355831944","1764.6765310680194","0.06209705898881892","28073.589924305954","9.944547088158677","28617870568.748623","0.005700521259832507","0.35152950503950403","0.5963864494242178","1.2512195408208986","1.906315684222072"
"0.19143366","0.021031635","0.363169416","61801157.95858777","0.4497838803256266","2070.982730945541","0.06413904727615355","27614.37140400771","12.670133728765308","31601173365.280632","0.005910845934387001","0.3523338106832713","0.6037136821950919","0.5223167523246949","0.812889420177211"
"0.48228255","0.091504706","0.821470843","61402205.55016075","0.4277505876878441","2009.041154363463","0.04548820266546687","32228.14200731714","11.865988448216314","36855623078.73061","0.006515982230171829","0.3527704015840867","0.6009659539484509","2.313907152921075","3.666881541363387"
"0.26707523","0.051683318","0.499098974","57302035.31483537","0.4324161330189616","1877.3281916255805","0.046536170949657375","33591.98776767156","10.51508048490108","29970114122.817062","0.005421855644970025","0.34586760885989065","0.60089804654474","1.5351258967437436","2.1852518795221076"
"0.90091077","0.093271031","0.893959451","52730222.521641694","0.4270104645195732","1808.9326225496575","0.036039678185084696","26113.28893929793","12.125104697683707","35000487941.35724","0.005730606497579437","0.3464876892481129","0.6003433210470459","2.2420613179241147","4.022608772286888"
"1.0486858","0.093476702","0.991191811","57646512.085967116","0.4367612499522044","1900.7558527020744","0.05520137373486122","24559.96888939747","13.858314569654764","33012797574.582565","0.00659276181563037","0.3567887710014679","0.6025673063878688","2.449211174300089","3.7478078126347043"
"1.2031583","0.150555581","3.497903608","53135090.48639593","0.41329704517632926","1772.4958229088613","0.04987234107500916","27570.619806056842","13.45222798471928","31421592156.16493","0.005521861761392075","0.3440895830882065","0.605866326920466","2.666683778666276","6.086466391447315"
"1.1246137","0.107208929","0.736856774","51339810.30699977","0.4096694484376292","1802.0332960374076","0.06955201888174188","28525.662100819656","10.618215676489251","33437534119.57486","0.006291432821461933","0.35128270781027865","0.6012801188188962","1.7008809358672243","3.072376550521739"
"0.74890891","0.132287233","1.094052287","61923589.68922126","0.426757965376176","1971.5924084763676","0.06677596315197923","24642.61687821992","13.278183037273003","31927858587.53202","0.005875732579821407","0.3506171274106281","0.5964346021007872","2.4179597696240474","5.802716651298335"
"0.20937356","0.025033268","0.334895286","58031914.691769205","0.4252311157396524","1885.2706367923292","0.048063075914659054","33415.488691614984","12.030265557796831","37398199225.17303","0.005576912870425956","0.3465022035143984","0.6055866294265062","0.9103088911628964","0.9569340036123601"
"0.85616157","0.068556609","0.912179562","54598203.09170663","0.4289158897175796","1974.6611826285077","0.05896323492324912","25534.402052661953","12.92393450476717","38809675421.79029","0.006026942543676307","0.34663139355786043","0.6021120030844691","2.666421762885408","2.9250860712383493"
"0.42420118","0.060317488","0.369767809","68200607.89278367","0.4339204020091975","2140.5495968807804","0.03764232671157307","28471.328890154626","14.31828871098622","35471852284.31521","0.006538832034699513","0.35227725307381724","0.6012265132676265","1.493575362277034","1.5810077622870728"
"0.53576155","0.062159649","0.764881996","63539264.80129759","0.42192944270137817","2106.1940115463917","0.05517827350240209","26393.3406304012","13.638752694455645","28386879381.117783","0.005898990878452453","0.3541664276566974","0.5989639276265805","2.065890216712303","2.456669407389552"
"0.75538837","0.063903965","0.941932378","56075148.965583995","0.4157961386234519","1975.5429142495736","0.049818447039890565","25319.85508860376","13.520875756640098","40701750469.0473","0.005497926705240601","0.3545196361130107","0.6014432918018858","2.347958014779117","2.0555428419415867"
"1.0180578","0.11794281","0.776349189","60871036.07426394","0.43004852035206587","1908.19854227686","0.03588842000023131","34504.01746998894","10.8763030399997","29041496688.590008","0.006098516097884583","0.35408084169970716","0.6005143318350281","2.3946979550425245","11.570782751431366"
"0.68884812","0.059600389","0.777213797","67622358.31513716","0.44996905531279574","2089.023517491113","0.05499332230365561","29917.34381090337","11.908409572296522","32329394024.09805","0.005640144548955261","0.3458655663175443","0.5967238415124824","1.7266540102742352","2.423168810537225"
"0.4171718","0.028574377","0.224640435","67461049.55099735","0.4313323682657094","2115.4233542209504","0.0326571320421727","28445.384466227555","13.985916628211575","32693247220.272583","0.006253963887073219","0.3483822413688187","0.5985037865845572","0.8755222340449273","0.7040303595391112"
"0.83640807","0.173531473","1.436480843","59246205.35115481","0.4433545020656391","2050.7771673497055","0.0663156260380379","29704.870531116398","11.114701353143722","30459610875.681995","0.006120207829967918","0.34924761778869456","0.5994922572777981","3.204942710265101","7.346891994515131"
"0.83264076","0.119659634","1.37546401","63305563.94440772","0.44485022898505194","1894.6053933472106","0.04822954666727294","30276.913278519918","12.53618946742888","40963658368.155334","0.0062850951627611085","0.3568261689256757","0.6041579073774972","2.586127847569364","7.24558391545001"
"0.83382395","0.092173803","0.776539894","55525329.6532481","0.4202119498654313","1901.3909522349097","0.04595919750318562","29169.995587316276","11.417825405084033","35964805856.88949","0.005664554481970614","0.3430898937684839","0.597846645768192","1.6799880285921194","2.886136473167939"
"0.66976284","0.079780387","0.832128895","67372028.21132833","0.43886556414766265","2117.2842895832237","0.030901475256386004","30120.64957241938","13.923657535373362","35839698481.3206","0.0064342340339276416","0.3477827845324553","0.6010042557245566","2.2856272219289973","3.126710366507199"
"0.54840995","0.063467986","1.378781465","61355720.85476366","0.41794357032104684","1964.065731298993","0.04102383597242666","32547.4553399048","11.720302608834682","32587606816.129436","0.005582859867676749","0.3507334228583852","0.5998202132589593","2.0106904496502986","2.7196107701349455"
"0.70971926","0.073811764","0.527148135","60461192.055716544","0.41443037686442463","1972.3329183641085","0.04638124297695579","29643.651014876927","12.900069185143703","28781386086.36009","0.006039615560535311","0.3480715408562815","0.6011027054229768","1.4173727835275254","2.319055154271639"
"0.83837601","0.083275375","1.161085842","58186666.341890246","0.4405546327617251","1844.4859146427007","0.06856748032921917","26619.511310344926","11.634768463576338","28560483436.160927","0.005548631605936894","0.3480111494390312","0.6000712382579889","2.1391948541809676","5.293503813870617"
"0.33321799","0.037983706","0.620565504","56996197.5655257","0.4377383229437832","1977.7685491912525","0.04070600548007945","26319.372623723597","10.95931278982545","31312888011.8758","0.006572625090127165","0.3554875489394908","0.5941435442041829","1.224222620562759","1.4337683040407874"
"0.6570908","0.045360517","0.551218264","58796910.976368695","0.4212875087509528","1992.8724736921597","0.0657653091386592","33261.77741182003","11.018554355767167","38163224469.32399","0.005534654094056804","0.3480259068822857","0.6024730308665323","1.809190019212148","1.2296519024741974"
"0.39504674","0.056829779","0.473870035","54398212.71685997","0.42730104292591736","1884.7916332205345","0.055534422960841115","26634.038571106703","12.520094962099375","28860726973.727406","0.00625021846483811","0.34899449959224793","0.6026777978440235","1.3379392462528905","1.673825433868439"
"0.99461374","0.093226069","1.279485723","67087243.53553246","0.4335753319660247","2137.401548918836","0.049872221889665724","28608.88278509382","13.495098280477473","31754106656.194695","0.006258204848082666","0.3475718936224732","0.5983654695177345","2.916290767609127","8.805027653497561"
"0.96766734","0.080316734","1.579722556","64690972.5601288","0.42175129079011686","2127.0307597446454","0.04728970093159958","31729.926910211456","13.218528029210395","31704146281.131287","0.00552094811899834","0.34381809964994625","0.6027944653871086","2.6383139384963883","4.122167796274512"
"0.95618083","0.126266099","0.741455223","60062515.99228349","0.4444347025858978","1932.0707893509998","0.06256803227502385","25178.290316903574","13.064591094483157","39654486218.02658","0.006542933455151165","0.3526024178596464","0.6003173368154259","2.3211575680636636","9.019327403141189"
"0.40813137","0.035273733","0.460947709","61006428.49055164","0.4244848942702901","2012.5890142175126","0.04921974444351041","33475.38784375838","11.195048189222568","27816453002.332253","0.005890216713278832","0.34770185321680463","0.5999169923426027","0.849642794396456","1.4898679714480187"
"0.91575725","0.096982494","1.671535931","57809988.85115636","0.4279853763909051","1907.0214121760487","0.05143584125909688","29363.52410490847","11.600103531981068","40243033368.28236","0.006273328327138834","0.3537149194240667","0.5996612982550451","2.7700889577463075","9.485153608044062"
"0.54587566","0.107317112","0.846883183","65055605.10693423","0.44691442806417137","2127.6034152595903","0.03399937755757257","34164.56814167668","11.899604228096335","29010324930.417866","0.006142703828265712","0.35054406511358205","0.6024022777327527","2.869327401863043","4.326933851373072"
"0.41966175","0.073930661","0.741391499","68289257.2327827","0.43391625602051265","2148.1076091667533","0.04598645530116936","29520.092813261086","14.090901087447975","29323827518.343315","0.005715473271339379","0.3435363065151455","0.6010584439492292","2.184292769597752","3.714997188362596"
"0.43678481","0.04489431","0.487186705","58712474.060483135","0.43244373316171864","1849.8447032142253","0.03450234434243721","33574.0301863347","11.046626592636255","28109417300.79233","0.005878855529101753","0.3497920415542501","0.6015750286018041","1.8229069060152476","1.614632063936168"
"0.68213189","0.054046518","0.576220896","51074188.374590285","0.4162927559219975","1767.5487870498566","0.04218380974041385","32732.09424647546","9.773300197759971","36168102061.374535","0.006275171643351212","0.3498510891689643","0.5946816395530586","1.7002342614005421","1.767240492838379"
"0.19055856","0.022091029","0.480660003","61885107.551964894","0.450933635840268","1890.5845432096783","0.036584684819177274","26597.32543748354","12.449457958721434","31849016622.02992","0.006227787762122085","0.3502411825067021","0.5991947008108247","0.602316773192108","1.042439641427596"
"0.89244902","0.079194902","0.535391996","59346700.22003805","0.40946649600958673","1827.4405817473819","0.05744533753355691","32323.032265208934","12.240630235445167","34914653604.61254","0.0059298309264596595","0.35412329647438273","0.6036274663325106","1.5939845097191547","2.2350403028612766"
"0.087733802","0.016062842","0.13816475","67239915.61409678","0.43296574754323036","2152.454411255569","0.05603528382353017","33861.34785977458","12.27330142185915","32980536008.603542","0.00593904720837273","0.3528290993568842","0.6011638336682477","0.1866005975896102","0.6090888727659908"
"0.18520895","0.021161354","0.345261","51833263.603751816","0.43889265904263025","1798.7229875462747","0.05547789647954485","29631.683921506996","10.849176986965572","31377041089.433544","0.005479993099087104","0.34658956287780057","0.6049566745582826","0.45452868763303256","0.7555091130994576"
"0.63443915","0.042591334","0.538331186","56437206.17440075","0.41451715175694787","1976.323380225128","0.055225726060537904","26179.799327635083","13.080530067661705","32409867198.618725","0.006343098543977991","0.35429134957571534","0.6001981814701429","2.0330155876837317","1.4233769822231308"
"0.34214715","0.048191975","0.297535969","58861853.61440134","0.4241860338398206","2122.8815387700324","0.05540721053814868","33945.83331058214","10.947111491371981","31255222099.30862","0.0054614144531703","0.34861040028530954","0.6012978488999703","1.0318968375496609","1.257783554723772"
"0.40718567","0.045131972","0.577212098","66545214.47629286","0.4443558779988121","2128.0042382201605","0.044462658492227115","26686.605463848067","14.378281464239068","33102167016.354446","0.0065869991744592375","0.35459585253948606","0.6040484106621676","1.6332604826350832","1.9167403875842557"
"0.60651451","0.051091219","0.961662238","56521537.41176514","0.41483809744335554","2001.4040660323938","0.05355028009972581","28541.102765412386","12.744939151166355","33732157578.38944","0.0055179501472118545","0.3509027887426128","0.6030095940883287","1.968090681646918","2.071047250186913"
"0.34615857","0.035570592","0.361419527","57264812.884793736","0.43175525836827555","2010.3790757222373","0.05463656240596609","32563.027773119193","10.4903409207513","33778917559.22122","0.005443334097659956","0.34341453632770036","0.5982403706743302","0.8640003053778329","1.2751367677577996"
"0.48148865","0.064721643","1.007127515","55781062.04815331","0.44038121601629476","1934.850677941467","0.054258139908717654","27399.96031039961","10.575657307201801","29053690315.27721","0.005412126292003631","0.3521272131428725","0.5953384316005896","1.7724769980198518","2.382685526132965"
"0.1691576","0.012332637","0.090271634","53752030.18155926","0.4330277402755257","1965.6507883769777","0.06690669854092744","27982.493057368094","10.765934228313892","37321136774.79083","0.006052254922846311","0.3550543615226616","0.5990459829239932","0.21525475064140442","0.2513504864878759"
"0.32759978","0.059720629","0.575150016","62858629.34567182","0.435361746166156","2119.1893737284936","0.05614548184148556","30681.847876602882","12.038060294789446","36218366054.74956","0.006415382962154969","0.35545965422069303","0.5999633693840938","1.5454084245069903","2.559317225887429"
"0.87127792","0.147593465","1.534701372","51368276.71795435","0.4188819268939027","1975.6584154351008","0.06349938530241228","30883.46042044637","10.173313953195786","33908475428.744892","0.006276495255843355","0.35117062271531","0.6000321675726646","2.825377938405682","6.269442813366531"
"0.56119178","0.05226518","0.667635974","52348650.275091276","0.412878620212354","1933.0239518578683","0.06832037394317639","24337.197136080507","12.790196825462816","36783609699.0463","0.006466668447070793","0.3443395912476304","0.5978309365652922","2.168774067263393","1.8211617082260778"
"0.40240511","0.052420037","0.543360133","62248370.94359283","0.42799125002531563","2095.69416378578","0.04396187644915691","31892.4592297951","13.212430834027904","33205770709.790375","0.005966945124016713","0.34879273529826504","0.605000280628794","1.516087603339467","1.8939202669297388"
"0.32894597","0.041524549","1.079171948","65974576.22232724","0.4206171187276859","2091.0164740573055","0.03907205365397182","26513.027565197764","14.046624543765912","34542831045.21224","0.005519840478605389","0.3447574138112513","0.5977217872516888","1.8274991731242485","2.093262045032854"
"1.1307099","0.116518774","0.828005989","53511365.97461072","0.41051358669535304","1881.2771706636433","0.05550001016434129","26121.008083623023","12.871004413753273","38981028333.23888","0.006236652858734754","0.3475181936921462","0.6010017116792931","1.773747339639084","3.8896104614881235"
"0.099143741","0.01827098","0.15834631","66439058.655620165","0.44873094300397853","1992.9924232411288","0.04324299966518618","27616.234824450818","13.62841814047302","32292088305.403072","0.005509020754426615","0.35048986400395615","0.6029166320651895","0.1927857211022027","0.684258452654973"
"0.089349027","0.009529208","0.154968839","58810785.04692814","0.41385751417713385","2008.1077371099911","0.04126214372860934","26992.225696214336","13.792981558790027","32724461451.616432","0.005987796315110868","0.35428716383257924","0.6025304041538998","0.26170110730495266","0.38556973783537873"
"0.099347043","0.007226292","0.086757795","52962939.6267329","0.4278246732469751","1825.2855098340087","0.04223420027720161","26749.486455736962","12.302460641512255","38830265718.1833","0.0056612347607882295","0.3526472504589888","0.603414465833029","0.1666542732584632","0.2804255374453584"
"0.77673512","0.113465798","1.006335206","63213067.08345822","0.44261732141368393","1965.4733763656914","0.04781518344624127","24771.192824490503","12.81181252108693","35533666081.72032","0.005509962769290457","0.3435165972491333","0.5946117375239006","2.563325364756616","4.454570253655464"
"0.22280467","0.023591975","0.313879772","51137480.717336304","0.4120802730948019","1849.421468638564","0.06988774380675448","28417.968407451626","10.000511583135662","32515976665.801556","0.005842769052451387","0.34975614076958267","0.5978408258212764","0.711548094384946","0.8734902225326947"
"0.53103108","0.046984743","0.904784538","53609333.29294929","0.41836954984315033","1766.1516056650964","0.05129489144060745","32345.90982466913","9.925202431371728","35046400391.97081","0.006134698028354056","0.35508796159884726","0.5956811640611727","1.8164716949290012","1.9382088821243804"
"0.22319322","0.026706369","0.167832051","59005000.22701098","0.4388955168945062","1990.7288027659768","0.049982907612646524","29547.955181231337","11.744728253137488","33071297337.261932","0.006234387664664652","0.35085305798625255","0.6003891138987846","0.4206105789235985","0.9155483913465833"
"0.26167124","0.030263779","0.354226774","59717740.85912704","0.4165211856705767","1816.9612921073624","0.055573030207663444","24088.66445882235","14.522091882676886","40374830212.68485","0.006262873835175161","0.3491975296605812","0.6016873821133779","0.8175689820816752","1.280119873246968"
"0.35570381","0.026691646","0.195056292","52781576.83966997","0.4213535258997074","2047.7658984931088","0.05228795645808076","27666.994737206198","13.03167580278952","30256442239.5204","0.006309634481118847","0.344810382860898","0.6051762905810053","0.6544379841239857","0.5398206435060883"
"0.12641376","0.022594189","0.225857377","67897495.56554297","0.43499902741820773","2148.9339869083196","0.06915039339911166","25024.33010834171","13.923780294394664","40571167535.7961","0.005810689431081849","0.35177644452622175","0.5963393307621965","0.47354627040004077","1.0038499523557434"
"0.16641488","0.027511867","0.286696565","57125403.928164355","0.4180804081444726","2136.8940593545544","0.05310512526950517","31602.240719706075","13.096864092549136","40953498381.40857","0.006572272667990248","0.3497432192540156","0.6054212091808583","0.9683981038736725","1.243810862425178"
"0.18018311","0.017103583","0.218639863","57758902.648511864","0.41366943837972464","2038.3562210479436","0.04142908734506536","28321.501889816027","12.997209517856927","27884444804.346413","0.006518547632821113","0.35275829080571497","0.6000383759115783","0.6035412137104513","0.5075867314604177"
"0.97859891","0.110078349","1.152738506","51430536.94457143","0.414201384268781","1764.6587475306105","0.04879545878912008","31500.71042611895","9.88692933137523","37502996882.66873","0.006357666043000901","0.35367851631193237","0.5963456535507918","2.3286009680346123","4.809182059750541"
"0.2194456","0.027850494","0.698947225","54870414.57375582","0.4115210295516055","1936.4650327135528","0.05777134567322337","28597.491230969692","11.493104917380993","36252426450.702126","0.006513722657199373","0.35070797701027745","0.5972655427865877","1.2306520859022958","1.400508604280868"
"1.1077548","0.117785244","0.853249698","58455898.46885978","0.42840037615215376","1781.7193812743224","0.052072573346316944","28362.911180721632","11.545034216747187","34499273392.94061","0.006529731711391775","0.35628361235058575","0.598588851946223","1.718247097144606","4.1332592712588125"
"0.81411381","0.077081877","1.065500481","52003764.28193114","0.4146597644669429","1798.259414805879","0.056979221067331456","26099.238545959626","11.25835015864545","31493524919.97612","0.00607016292304534","0.34898642371037897","0.5975612542062243","1.9856842328550743","4.174852714184761"
"0.648373","0.070066361","1.068752493","68910985.53331743","0.4435575521434514","2000.9158732981523","0.03269112883072789","33845.361345695215","12.982534006761384","29482889647.017975","0.005694959031043329","0.34901642440543523","0.5994000409085112","2.2383033977497044","2.459580334188304"
"0.79726259","0.066895221","0.928365299","63734104.130950816","0.43656062971196624","2038.6884317933648","0.03500317586303349","32179.12878300233","12.309925295141916","36821705877.60359","0.0060871311106443695","0.34394487156510667","0.6006430750368933","2.573870431788081","3.823648990693196"
"0.68804929","0.075609702","0.671746357","68340233.79830539","0.42050563576192695","2143.858961978871","0.05011749160380502","26104.219844145904","14.299133942202207","33690479092.556126","0.0054163049500920305","0.3464754802664208","0.5966694166443955","2.191325668087352","2.7974736295306424"
"0.52577363","0.054096124","0.895251137","54761032.41862024","0.42295456431271894","1913.4751213264292","0.05856554771619465","31897.050735826466","11.09975883406467","32388431705.22782","0.0055637801791931785","0.35420039453460755","0.6038857495093073","1.8165801360996476","2.0348992706954436"
"0.95274358","0.101356421","1.701917754","64266551.77630756","0.4365237155288675","1955.9671830384848","0.06269066612684299","33859.62338381767","10.946811230002357","35154114123.36846","0.0054439300737790615","0.34649590158775245","0.601021429658842","2.6006775775198094","3.0040724406031423"
"0.23953584","0.02423646","0.23653214","55112602.99744464","0.4381861278199954","1783.8189491792814","0.04836382835752576","25573.468263779065","10.871577082888814","28344116132.369267","0.0059155439434516194","0.35058253096806374","0.5946011422706429","0.42742342982050363","0.7952158365473208"
"0.82522071","0.069875301","0.949321202","58510578.736914136","0.44982482825754005","2059.554165330741","0.043229595042960256","26919.945312763415","13.369548561235431","32226629650.784294","0.005968688050475509","0.34435435671060777","0.6048316656646306","2.0356666213350048","3.2019150587082406"
"0.1674343","0.016947347","0.291403153","65686830.078442566","0.447257507332735","2039.6851379832967","0.04249754018718572","35557.8563924491","10.116212422894458","36771605250.01095","0.006279781554797834","0.34644207074610933","0.5964144330127605","0.4280097365547833","0.7097391897354415"
"0.69755818","0.134237782","1.058306083","61921906.46361893","0.4454679839085142","1958.2613553499093","0.056816401635902396","27568.813701787974","13.114570243209265","36466151262.13005","0.006152435760439989","0.35035896077976836","0.6038616010954324","3.0252035814377223","5.2473634045361015"
"0.68647669","0.123471484","1.233798765","59909907.939228505","0.4243796339400483","1925.4159918338228","0.057195893634593084","29415.23959509644","12.363884366115801","31905156246.112625","0.005748937088139817","0.3561767812766217","0.6026966977825579","2.604274693372285","5.37458264822935"
"0.56069015","0.0677821","0.671997885","61711288.856202774","0.43244768978069","1897.3862690402448","0.05371604907672766","29173.345965644512","12.85401860837274","36720695011.94236","0.00639537611134932","0.35235850871558966","0.6033169969507891","2.105073594536835","2.4077578863807814"
"0.70806361","0.080145898","0.838912326","52138843.61815946","0.4095987887994867","1890.8849302841318","0.054510200343517626","25663.593481652326","12.576678522935136","41229416250.28894","0.0059015707327251445","0.35267434933277075","0.6004897984515012","2.1070767436637454","2.6120143211731506"
"0.16311757","0.019313735","0.428329478","66884292.646004185","0.4418400837882686","2132.4957691773852","0.05487803633440162","31419.80980637934","12.3766686804178","34827948967.86557","0.006276652727328525","0.35432962615489055","0.5996578399020219","0.49118653812397817","0.9407664329538437"
"0.36360786","0.049608655","0.406022166","66717854.388090834","0.4404103041653716","1914.5453147857393","0.04874919528027286","34423.6724878572","11.583035548677842","32168770838.73661","0.005655756971619895","0.35112396677355195","0.6026078558054988","1.0230915667640164","1.6128744099445604"
"0.65853463","0.089971842","1.116160089","57065784.026084326","0.4110357513836245","1841.7164194194283","0.06207435613290633","24200.444955525953","13.665711885853813","36618130867.707405","0.005695480982349138","0.3498868062607744","0.5963051657816549","2.166252360216155","4.503156277400297"
"0.27997461","0.030664315","0.512812951","58736876.78792402","0.4248981098264398","1997.7552997851801","0.06758158091929951","25182.22807195676","12.759523714433886","29118240385.106434","0.006404710344083485","0.3470947777890963","0.5970929654318406","0.8446144064612836","1.0794118887685409"
"0.15516734","0.011578603","0.140864052","60732116.77316469","0.42041610140623076","1875.9248836650793","0.04860643638716323","28368.3144973074","12.654606756144842","29809111999.66541","0.005520823559804366","0.35348910241958503","0.6006181018421743","0.21270645205854907","0.45319296667686704"
"0.31434219","0.045084908","0.323501899","51942956.937870845","0.43457660233029355","1906.471122622066","0.06412887852886344","26202.33298006102","11.510015935111376","34132947778.535423","0.006360317749540862","0.35306483827087487","0.6025316931511796","0.868567521679909","1.1176311180660556"
"0.93670086","0.099434834","1.664063164","55867470.28653557","0.4244273661520705","2005.751790513141","0.04244329640097643","31565.569608311616","10.797684689743527","34185393729.135857","0.005574160081637205","0.353907108363868","0.5983517284873899","2.5613567000210824","3.5298090962486506"
"0.84093911","0.098494901","1.540236022","55340679.51326828","0.4331355084375722","2035.9786355027704","0.0322627516248893","29066.148626764185","11.205159025578881","31733566911.557903","0.006391428898607965","0.34851872208410506","0.5959177320845952","2.636692104403726","2.8367471433810145"
"0.63919851","0.078160218","0.452922289","57578378.12331829","0.42264176552824884","2078.654398337946","0.05023888191468592","32184.334863739048","11.272427728693247","34874291242.29313","0.005796274001894461","0.3507419325725525","0.600415540717555","1.7250619599989205","2.8355997694851682"
"0.21156782","0.025385343","0.4173634","60007162.34602921","0.41514262466497887","2061.6733560706357","0.05825505155523989","29756.099069879732","11.674840977955736","31453753679.07598","0.005522294725959935","0.3488762732132885","0.5969176497279827","0.6380444443247901","1.1787691766744606"
"0.19146652","0.014310004","0.104584654","62138895.2673798","0.44891772795103463","2013.6618087348406","0.04138361423573758","34022.95952767544","11.396137980717166","28092462391.96225","0.005730739519187903","0.34821606868674226","0.6043902501623457","0.1833252552654547","0.31188705279212614"
"0.41150072","0.076668603","0.699048227","66980142.6681166","0.43091711491791934","2078.331259192701","0.057485848368570784","35052.340183950895","11.16181702229339","31152161111.425354","0.005799220359338663","0.34620544735898773","0.5995783886462812","1.7746391395357144","3.109905427478645"
"0.66765231","0.095709522","1.102319416","67439340.78921954","0.4325630652588851","1960.237401049796","0.0410798865815334","28731.149983044197","12.951086307103253","39849754234.90247","0.006564055647018215","0.35462474357153856","0.5960732129899018","2.4667344457545863","5.75561749351514"
"0.49486243","0.06178154","0.627143907","62212591.84888453","0.4331757040028927","1873.4965253789949","0.04349348277071632","24058.695055294193","14.314653021394676","29509477038.58915","0.006296031139173738","0.34326352304332053","0.5955198019470465","2.049462382635037","2.263905980156187"
"0.72302755","0.060509632","0.643390693","58838957.76549954","0.44207867787643823","1950.232058248604","0.06564924981604586","35695.43352610074","9.964006091402918","29984517095.818474","0.005429336937899774","0.3480408943067223","0.603674397682901","1.74515090062602","1.962091807314454"
"0.19621788","0.025013228","0.589680725","64677473.88984735","0.42855280294584414","2110.333473419773","0.05066675221922201","27216.987480571082","12.736676510677158","37742958758.36295","0.00622709040232226","0.35675163007507127","0.5957803350259723","0.9748009875887116","1.2880905094629993"
"0.65112908","0.066748178","0.472964931","59773734.88503434","0.41185015310203044","1996.725276434012","0.049025195782183506","27736.007607682168","12.994629429762558","29840809914.71956","0.005853371035377316","0.3503216113183306","0.5986460789573558","1.3928217376325946","2.045009848095487"
"0.77331915","0.149360171","1.362282702","64375152.06845246","0.44801476766980314","2096.808091143169","0.044044609530563536","26389.88464312545","12.361904898991622","39292071261.2386","0.005682647251060715","0.34448087877569744","0.5950848326809544","2.6483296021389453","8.87693425059209"
"0.21952961","0.024602294","0.386728743","55156926.96500762","0.4400551422608715","2118.938771401143","0.06153036566597997","27822.209419888546","11.386777954135011","30792738366.27082","0.005572319882122687","0.34380760759831674","0.5992223947171365","0.518547398321565","0.8864291166666005"
"0.80251471","0.055706701","0.680246192","61380646.57589659","0.42729598677231045","2073.115197177766","0.04979941693404928","34618.32854930523","11.62052731393746","34636758883.74622","0.00580372737317654","0.3473214731966941","0.6042248507927533","2.7829867355116864","2.0929081920979082"
"0.32697781","0.03751943","0.384698781","54959250.90455797","0.43657808596900055","2094.8169681247764","0.05552049368997955","31472.46680333769","10.312506711425598","27762790738.337635","0.005927968756604106","0.3519143647141399","0.597218719052756","0.7852554161641189","1.0656168931134817"
"0.66854743","0.083179416","1.549454872","56325274.93618698","0.40974000282725864","1941.0130470044714","0.06322260000584763","35906.53460451927","9.980379818742186","39129800833.01923","0.005866008902522252","0.3465673128586201","0.601836105880572","2.4778152511828186","4.204269189568036"
"0.2251657","0.019574344","0.290674807","52563167.08137191","0.4114183271357654","1795.266517302792","0.052313411407013975","28025.44700106844","11.07651411436091","36177054149.47639","0.006241817329189814","0.3542666971595368","0.5979682938875786","0.8119911000158464","0.6581991993026998"
"0.33078306","0.032994398","0.309861607","64628501.211373985","0.4188672784245142","1986.0254018267901","0.030382718432617358","26895.292068926712","13.47902966535084","33230115880.550407","0.006218129524754026","0.347013358472906","0.594810610081738","0.9210533266851701","1.3011734006186109"
"0.72739265","0.09732979","1.165850488","60694951.726329155","0.4198368818033775","2034.8242147972876","0.058238047577524425","24489.010399772833","14.149341652990575","27829922086.414894","0.006211205242320352","0.35089319879424763","0.5990274036123051","2.084276338582205","4.139079392120096"
"0.81860175","0.06792663","1.154454944","64004491.03389051","0.42517215756276316","1884.9939678830276","0.03805537413667445","33584.879309826996","12.447404185545276","37199148416.8125","0.005980831266069225","0.35274236087198246","0.6040343085926481","2.437308700963093","5.15539180255614"
"0.88725335","0.155701206","1.309249251","55720464.159288056","0.43986608588845505","2037.0142221149085","0.048117054151088454","26049.67898843335","11.924581764664186","39049905268.28987","0.0056966260400918714","0.34557679694316623","0.59743725398442","2.8113579560303212","6.876194724937651"
"0.35347903","0.062101705","0.629507432","61843614.2929244","0.43270356025877194","1983.9149780676864","0.03216506054829985","31654.86019676919","11.953794322562528","37905777805.05165","0.005628607477554963","0.3449897055227355","0.5991909142802738","1.8973011972719758","3.279887513951231"
"0.93739317","0.089667604","1.145713639","57838764.20420323","0.4337151741133992","1948.5765407521278","0.03412056366256297","31741.315599118345","12.330374445613607","37974128758.01678","0.005889781714432903","0.3430389955234476","0.6040087387490626","2.8497677357802886","4.428980389813191"
"0.53114817","0.049783072","0.526749738","58896715.06956496","0.4398826514302539","1992.5472658238464","0.03659209476818903","27369.705731222897","12.916276129000051","38608908077.50977","0.005777770842638701","0.3438141148210908","0.6010812548207484","1.7378547726938276","1.599630681387533"
"0.55604639","0.061113825","1.126354689","55377319.290783145","0.42139117486323274","1858.0409817081445","0.046416897182644544","31797.93343245859","10.219829533394387","36387550804.2077","0.005664009486879433","0.34747866682235057","0.5955248157439607","1.7598162158627866","2.4458308376327493"
"0.86637869","0.075330255","0.507794253","53893184.8865053","0.41162545444742216","1880.3556541532982","0.03485614786293252","31794.17054794963","11.273340458479309","38178373775.74809","0.006598437146719887","0.35665113856055397","0.5997989744992778","1.7385600759418145","2.2379787780459623"
"0.29476347","0.054221717","0.468928283","57889973.08749118","0.4327137197512695","2042.2561889361675","0.04893940094011978","24490.151152243565","12.801517720876022","37715586229.875305","0.005615574781517867","0.34738087679326196","0.594970321540581","1.4167785668182786","2.0636300500370752"
"0.75585984","0.082606314","1.271622641","58985312.80997936","0.4273890072328817","1883.9826398709588","0.059925160297049807","27177.74583862812","11.954153750665732","33799087676.442448","0.006550445609586492","0.34939569774569434","0.5972388746026789","2.066483026943485","2.5628831686347513"
"0.67169094","0.052305617","0.664398129","65355219.47839175","0.41720324689906396","2051.5749268172644","0.03853896561936793","33346.582566138706","13.053507840577511","34221429534.222862","0.0056546694439711526","0.34383062125008895","0.6028345533950024","2.521819259138933","2.0582944407987767"
"0.27208219","0.039152299","0.341305244","61702681.600526765","0.4394756197917592","2098.4763697638655","0.06404978224895252","24028.978382500467","14.564916853659145","39147332636.68978","0.005788433236835161","0.35019201595706145","0.6021965097232483","1.0201676160006163","1.2212399772118558"
"1.2676018","0.148355996","2.654294977","53212341.24176017","0.4219472789857326","1809.0270808623784","0.06653736870058718","31552.197169781313","10.64757279836723","33714193873.81656","0.006014692564765645","0.3521893340674446","0.6036722413112334","2.813414933352294","8.71837592507736"
"0.58218408","0.047375816","0.967632437","55213322.57590444","0.42860822626233486","1898.3019040552879","0.0553842084302197","25954.407178020912","11.640057127472488","39012388919.420456","0.005563301724330903","0.3451714932903711","0.5965817981424885","1.9095450510367191","2.089751922681931"
"0.17420296","0.02366561","0.140852369","65919094.845339864","0.44132286420889877","2042.728362161934","0.03277423930118266","25624.965312527664","14.517758848134507","34449289726.44202","0.00569080798845923","0.3552616906622337","0.6045321931920635","0.38771359581381964","0.7951052623531667"
"0.7987184","0.095888987","1.128373496","53824277.50763149","0.4191766939443144","1818.2883611634597","0.06405935893630113","26067.531719501385","12.292561238819188","36058630303.967316","0.006464280875238141","0.3543648497229526","0.6017312036502344","2.0370441021640873","3.7576242224394174"
"0.42020113","0.043931376","0.756674347","64196734.247387536","0.434190471455587","1841.0080748624687","0.05713967003071271","30027.25102679777","12.240491677597351","34491367932.227135","0.0064480871495815875","0.3470051747594729","0.6003322721608678","1.6717719603898873","1.7971655471573695"
"0.28267533","0.050241265","0.502305898","63886712.842905276","0.44301029528811","1966.0078823717054","0.0569506549517273","26152.693563050885","14.546777919443892","36579577651.12829","0.0057386401888130135","0.3560082901710952","0.6059937714141224","1.3267829748520785","2.081020570798028"
"1.1366822","0.20190823","2.032351849","51802708.55262053","0.4117802066108229","1853.5889396583366","0.06471740452030247","24072.907342644656","14.177668428182994","30825826925.7603","0.006338688864451001","0.3504469569426523","0.6038030799950967","2.9812302871422367","9.980509629395069"
"0.49302223","0.043233659","0.446085835","61680380.188133","0.44260900665471237","2012.5588324150167","0.05653648783100354","29110.358449874697","12.306025363624808","40989193653.783264","0.006182116695195235","0.34809048562520156","0.6016831149418964","1.683348431753713","1.4360271963070088"
"0.60868162","0.075077826","0.757057697","57519334.95900929","0.4396405477165091","1816.0132453960196","0.03551963661196401","32353.946601668496","10.160686180789003","33415901139.050014","0.006020790921783144","0.35678639242043614","0.5959669605713177","1.8705038076866123","3.071089797495775"
"0.22501503","0.024756187","0.444011999","53930226.469706714","0.43487651373990605","1764.477125561869","0.05763746415159682","24767.476905778763","11.137226357251324","35610391381.421234","0.005416575265361117","0.34809429886587917","0.5959282605159159","0.6225545851523663","0.8972117208393128"
"0.87114624","0.112997244","0.877456282","65748239.66889804","0.4413952728346819","1809.7912725696092","0.03779780231836768","35642.14232213392","10.152727715458022","34391762871.510864","0.0054303231239160735","0.3434479689345835","0.597680555977616","1.574685104247974","4.213812689948463"
"0.75920043","0.078469948","1.080709319","59067004.86864781","0.44507270357281375","1815.348835024636","0.040168858141103395","32263.440779368582","11.332231501601187","34903867452.20081","0.0057694971692326645","0.34919860626582305","0.6037681325039506","2.1342175112180906","5.38177755670726"
"0.24490875","0.031258207","0.34824742","61421912.894842","0.4430888953406423","1879.9061091516323","0.04870610425125856","24368.118709813014","13.772694558965417","29754994816.706226","0.006184424198752574","0.34978060788031967","0.5982366523897198","1.0869018168604314","1.1622182212773002"
"0.31854234","0.021837542","0.267665645","52167494.890159115","0.4410670508405705","1984.7341473219815","0.06443159369245108","27351.637494331084","10.57644620070001","41284053110.046616","0.006597583155049587","0.3569200454114456","0.5990824648185799","0.8501532711497397","0.6670963287595829"
"0.71236435","0.101407688","0.626626342","63149047.237535775","0.4446319318398393","1992.7977941417982","0.05443363773721051","30327.75686910139","12.684588898045194","30893676451.99928","0.006024160690727952","0.35526969632503436","0.604575758337366","2.40986521986512","2.7151806434965007"
"1.0299054","0.094250263","1.496464596","52978484.02644012","0.4369005939724093","1767.431371747757","0.05157024456322288","35423.121757161505","9.812083782514302","36906686472.77312","0.005935793059441758","0.3477750779322003","0.6017523660162575","2.3475074228163764","5.409603805929258"
"0.35126153","0.030558138","0.493412579","60235811.044231586","0.43602309673066186","1848.8297941496264","0.061892938155830635","30006.729501851118","11.559908382935255","33144683861.672016","0.005733169453714527","0.34987267432387764","0.6016220597904034","1.3561034869728528","1.0907087195762304"
"0.51821432","0.05162035","0.441419308","59538772.657095306","0.413760042073101","2116.734946635634","0.0510175361294733","33738.720546081866","11.770651319921374","34664272762.319496","0.005548078537984108","0.3450407621813489","0.6021948369861957","1.58664160580446","2.329210875003092"
"0.48936138","0.071935372","0.930814665","62085147.63535028","0.4290218949140978","1954.5810125612286","0.03663421747513343","31910.349483524096","10.90220613360956","38743822404.008385","0.005807527207179629","0.3480949808461477","0.595177306626961","1.7580527761891156","2.942093994303795"
"0.8027451","0.060381296","0.441367563","67416746.8187371","0.4373115912649894","2004.7094241343289","0.05002971331637482","31731.38247369348","11.786079407295167","30808144048.258408","0.005430686284625347","0.35044502542197004","0.5971067646712752","1.8387575786191868","1.3759436130745828"
"0.19028693","0.039269106","0.326853265","51614829.969304234","0.4214628561156579","1808.2776677172383","0.05810567226668252","34197.35523137316","9.869801007880291","38797061919.6447","0.005980318570025926","0.3515375178551818","0.6008454452740135","0.9540872967939235","1.1789178801739326"
"1.120957","0.194764636","1.989491478","53327756.53886552","0.4267437681324799","1808.4647609044132","0.03953963551311142","35302.29837924216","9.77342949637937","30374101480.48293","0.006337571655221343","0.34883508513882905","0.5944671105639333","2.743782793013657","10.08776269398554"
"0.71910527","0.078986344","0.650188321","54748236.299792826","0.42091306885702107","1844.3254026304687","0.06549992723929156","25889.991084458183","13.199130322709426","38788847096.83155","0.006142609803310255","0.35038965554386287","0.6046190491918463","1.559228568964847","2.3994724887108303"
"0.36825659","0.0515219","0.529155075","56766691.09808357","0.4495318449182857","2016.286113595849","0.03519408343707422","30851.46888750409","11.442424701548331","37749515797.337296","0.006485118024235145","0.3522577373068279","0.6027806958713038","1.560847607220589","1.8268865616526508"
"0.91752558","0.116946159","2.851785425","53988736.56899839","0.4099008687307704","1867.148745383914","0.04084684475439112","25997.789593776197","13.138813036241674","34306997509.234447","0.006203626256760328","0.35491770549187013","0.6001976729699195","2.636681207577522","4.068773524013817"
"0.68181657","0.077698639","0.578591975","59504142.71773339","0.44213568250377455","1920.6959393655598","0.05196294807842362","26256.913652730247","13.191687461188517","36841221185.19109","0.005762193086818273","0.3498179898492639","0.6030930780010406","1.403496031255882","2.509033893969317"
"0.81033644","0.137425851","1.116016358","64781524.3756838","0.4398916613592415","2112.1610911907856","0.06808643780764465","31928.459211620775","10.972892123060307","37453044713.38858","0.006582843536484515","0.3569407232401369","0.5974353483603695","2.6200539698700216","6.839568200804859"
"0.29820636","0.038248644","0.405238129","61629578.51964187","0.4279920163894501","2026.6294617967676","0.04966717536915314","33225.451646650996","13.143980892706823","35430113660.46663","0.005785328008276884","0.3557192402618106","0.6059283578062735","1.6388239160896168","1.3164262347841067"
"0.70195219","0.051160085","0.614842692","53801120.85083442","0.4218581925062913","1897.6654287888923","0.051386917550048296","28336.753786694353","12.133743650461971","35693661392.65403","0.006015717254509676","0.3567854775337761","0.6039726318850417","1.8157487147475513","1.6291564772314422"
"0.27540032","0.029677392","0.272384233","60778852.617463864","0.40975087765627066","2048.436009716605","0.04199964472093182","24205.495496532032","14.635596615366067","28282718089.152065","0.006167901932677102","0.3438464984066799","0.604963500549501","0.7082357051948744","0.9535868056196741"
"0.71439579","0.065285488","1.036109326","54202538.905419216","0.42114261566483124","1795.460866204206","0.06434093587458346","24201.30062738414","13.62212873456106","35168727466.035164","0.005782245147707271","0.34461487534017093","0.6011243193491975","1.997070752193335","2.952703543740434"
"0.18283952","0.016534049","0.313414107","54101601.2541506","0.42201305672299716","1891.3865896774505","0.030498509521361437","29576.60866449666","10.810654046473676","33606426134.644905","0.005599521990198709","0.3513588265183187","0.5953172073644603","0.6710280632396652","0.7174951974417105"
"0.14388625","0.018698559","0.113284128","62445793.44812251","0.4249731684363575","2031.2703300225407","0.06045141479128238","26861.60573377684","12.141301153183587","28659518814.850388","0.0061217372247083695","0.3461863441997217","0.5949388082962436","0.18731363399794212","0.6146500829052792"
"0.30733884","0.025901342","0.355023569","53410397.19032745","0.44895246153139406","1807.1473411184757","0.04898673260220649","28072.807679591024","11.732466352712816","33633370070.834347","0.0062327761485000965","0.3526590570046932","0.6052950760194622","0.6565405300738132","1.1063309798637182"
"0.15650807","0.012686279","0.215284535","57505168.63868889","0.44237851664858874","1811.2983887803289","0.04444506493247305","29217.431320775093","12.47362601722283","40285611421.04168","0.005773532956717347","0.35077819934831816","0.605218630946022","0.3164859894674273","0.4991486304958511"
"0.54373199","0.096513281","0.940824053","64048090.13481731","0.41723174090025084","2006.686761606985","0.03597400796150518","25772.64022972961","14.2989446172961","37218636335.837555","0.006432467358277039","0.344895139540153","0.5990669750339348","2.2082645843972473","5.243205490970454"
"0.29579358","0.05671191","0.549597125","61096743.18770828","0.4246226990248913","1967.7635947889291","0.03135002956333681","29408.73418478417","12.825828025382014","36664054279.484314","0.006235242188296385","0.3523288542846347","0.5992707747358443","1.857386897755644","2.7389636456850015"
"0.71216542","0.079406974","0.68627255","56790730.95302732","0.43054542144501157","1997.2431029828376","0.06798059593245435","28795.708786429896","11.344870290607828","39218302703.81029","0.006325465464274297","0.34762436528170004","0.5999249375341554","1.6953128423841541","2.424985430503039"
"0.51274018","0.065748822","0.666027041","57248160.51237152","0.4156223353418886","1870.5865060382555","0.06331907328101122","27049.944890425188","13.675236831667473","28471827967.96384","0.005409114429441896","0.34350589525290404","0.6053682360156206","1.5922617236587078","2.290659374382964"
"0.2408625","0.028647104","0.63783438","51961402.39176966","0.4329999311126726","1791.3078194360955","0.062322789101202467","26534.53231846207","12.668079886747947","38048080239.9635","0.005511314410475808","0.3533019357185162","0.6059375670171795","1.0166935701322692","1.1901334066963842"
"0.47390091","0.040053998","0.269692531","63446544.685782716","0.4295722030510213","1891.0831074453672","0.05509659948286962","29699.230489037574","12.298576056981215","30449956918.84743","0.005803325938863095","0.3444603857822924","0.5997542614923481","0.6085590219752676","1.108232926832752"
"0.24649756","0.044998746","0.385763004","67570932.3109141","0.42899129008274983","2009.6603501365303","0.04107159009293783","34313.34003489167","11.758428706511399","32014374449.915363","0.005518245930479859","0.347328472807388","0.5986610716779662","1.0019817275920166","1.8184437414222265"
"0.51466418","0.053033416","0.915461273","54014889.08926539","0.4228588055295057","1807.3173117106032","0.06103814952863748","32968.27335271072","10.079895226270448","32607471049.22231","0.005765073205787846","0.3484562180346075","0.5989648427237556","1.8662040546774956","1.8823236046312062"
"0.41302942","0.033102531","0.440999584","67819774.55258286","0.4248760391935689","2034.9558041747837","0.03138506345229653","33013.74214131633","13.993743647288316","27628968412.671688","0.005648664211307691","0.3442060911502645","0.6042481416041687","1.3853516767481864","1.3367051353527746"
"0.20831808","0.029551972","0.178217209","61789634.50121483","0.4103724777787254","1926.3859728861598","0.05261047753483215","31388.61117483916","12.393882788857217","33978673747.85277","0.005917925551612662","0.3503721225380479","0.6002093304955841","0.5311548604537336","0.6772899308204576"
"0.74851954","0.093592649","1.748709609","53293046.181707844","0.4217032671885545","1827.9966896641363","0.06444414314455042","33854.08397136925","9.981499761268056","34817626219.13323","0.006558868630253365","0.34813432878938816","0.5991564721751202","2.5204484196614256","4.85738731187572"
"0.50684151","0.043559448","0.640975226","62280482.35348431","0.4412739928899913","1882.1779101788065","0.03910915755353038","32901.84504681376","10.989623135249403","40146749749.18963","0.006241939000876995","0.3545570320279405","0.5992342344443531","2.077155139219308","1.5366022244125417"
"0.29256529","0.034028423","0.226924847","59321768.13806332","0.44891776412695666","1889.7198352958799","0.05958408639349332","27434.886342652593","12.1476257838397","41018364921.69096","0.006120947467800371","0.3484110390825924","0.6027085662757963","0.5863686787812129","0.8945022675197956"
"0.60021614","0.086621099","1.057506766","56204888.27664732","0.4115455543116498","1790.4936584030338","0.05490429942109055","33607.70083054127","10.741060731597083","36982188570.21333","0.006041021597546845","0.3473337317996668","0.600987107602826","1.9742930633993963","3.2743010133210912"
"0.10690929","0.007533448","0.103351283","64379433.059253044","0.44205509422500955","2097.8455294518535","0.037800745610410295","31578.815128448812","12.016411694183713","30491669830.970913","0.006231772732794992","0.3506542631298589","0.5988830717721156","0.14286033621159502","0.30660178885314004"
"0.096137681","0.017079932","0.169360107","61191999.86039863","0.4444506883606405","1913.5932805403768","0.059281164701893166","27138.206656231072","12.584225352752929","29190050058.33781","0.005634927552710921","0.3460030015598934","0.6016835091772542","0.18300716370545675","0.7029881640726693"
"0.921177","0.12541889","1.540604597","52506682.62535781","0.4213465828417689","1864.262739229553","0.04536382005208843","27889.81137592314","10.65036275752158","33352262816.457176","0.005605974197208232","0.3477772459541311","0.596103493751649","2.5817047614809265","8.676599547962832"
"0.30784745","0.033420265","0.294906985","59179097.28896132","0.4158748687845558","2037.1995798882938","0.03569194064748484","33387.40884891762","12.207751723184526","30241982099.268143","0.0055920709332981855","0.3546541215140579","0.6037623398728618","0.7563435881856448","1.1517224163006423"
"0.43677819","0.052840466","0.550563673","55252566.360489026","0.4231688896145733","1915.1330009972214","0.06205696336369312","30072.607616929025","11.439307794028425","36191286041.016045","0.005715536954223528","0.35502828062618097","0.6031235088093696","1.4598113093176588","1.6813350791575077"
"1.0122472","0.12703534","2.958308237","60068168.70638873","0.4165154956595007","1933.6768116621818","0.06655348224885214","29490.032255809867","12.62893884898522","33200003235.129105","0.00560125418370273","0.3452760818402101","0.6032388331591154","2.6783483607900918","4.735195762471765"
"1.1019204","0.089723127","0.605213462","53394119.71536972","0.41023522899793724","1997.675359952691","0.05778435311979091","35655.355019505776","9.886096530440799","39884612584.900444","0.006298355862001045","0.35666367077878325","0.5992707249539958","1.8598011087927022","3.0083793770011433"
"1.1560997","0.107514983","1.482227013","60581632.25061589","0.43418152793318343","1861.7168776490796","0.049374496633451385","25240.32263097625","13.230263136859804","32698179597.71068","0.005529348681300286","0.3484625897781789","0.5989490956821331","2.445199588013112","8.988933571208902"
"0.55289524","0.070360347","0.822617329","62140880.06409267","0.4482217750805559","2070.5669888200077","0.0452681696436872","31977.781076068888","11.464787648802556","40074569102.93965","0.00642880885381513","0.35115687487983366","0.6010368644711489","2.4390772439626796","3.5567088875553337"
"0.59401205","0.040942703","0.505249724","62469243.657912694","0.4438631599319476","2073.25751141664","0.05388068619010906","32425.517411335288","10.952397196327132","35550067133.00392","0.005661717548292128","0.34314763631958795","0.5981045140355571","2.078637469789464","1.5123573932005057"
"0.9316714","0.133982285","1.044575367","62889003.71167423","0.4470467163181519","1952.6156837756123","0.03504757658435276","35777.289110753416","10.048568170988876","38341087491.49562","0.006143808125336653","0.34776058903592627","0.5991661611760594","2.6063134315299736","5.065228133218609"
"0.51692772","0.061355056","1.108606566","52184103.61184289","0.41246300132350133","1965.8559668144105","0.03956366754822663","29829.96365878371","11.797855229186842","37365139320.581345","0.005907445936114349","0.34923636901026744","0.6028334637127533","2.214359844059083","2.541081856980765"
"0.72602218","0.062984786","1.073622603","60313751.566968426","0.42004430544414567","1979.5470604784446","0.047631226381260716","28283.25425674037","12.034157805705071","30776143672.40828","0.0061914237204455805","0.35299603616581054","0.5962762987735788","2.212159032956068","2.471346774581899"
"0.38277975","0.038590926","0.372998567","61013413.82314094","0.4377645863323403","2024.970127398465","0.05628475805036096","31720.183821572246","11.677937566887257","37475574971.19707","0.005554989200347586","0.3437269581198044","0.602209236440602","1.0302996929585406","1.406232640924693"
"0.89267118","0.081849429","0.968768044","53766237.330554746","0.4307572504548883","1994.9864411458084","0.060592361247703355","24944.280821385113","12.924501046892534","33532144512.15696","0.006365910749243927","0.3468844877478027","0.6011583811503787","2.0376933580270875","2.362169659559079"
"0.84547775","0.098050872","1.699320199","54928247.44819367","0.44908032204842013","1975.1172122492699","0.03963978781692853","30315.99642520824","10.789485033646601","40253283495.07947","0.005526323739654222","0.3456732058139409","0.6010179243942948","2.7033874834055416","9.77269680780178"
"0.68778042","0.139436107","1.182746229","54573705.07968975","0.4438887713054242","1964.7349802438255","0.047554353335939","34160.96244336343","9.926939865567125","31910699783.11593","0.005859055946208882","0.3531290535752994","0.5986257071786143","3.066661320788609","5.600804554704126"
"0.94220204","0.136418455","1.622002437","56379700.10314444","0.41199615453482513","1916.6239196158836","0.04529612091962836","34747.27322868711","10.129735595314278","32886811074.171425","0.00548441755633927","0.351866144053087","0.5969053875554388","2.6632079722225686","9.80062594437476"
"0.73917827","0.074272428","0.721084897","68412605.69869648","0.44257679893531754","2116.446486829819","0.06674046321888208","29095.44538119319","13.15709745814115","35900442912.855675","0.0064793747191313105","0.35107228993425255","0.5987562031400482","2.2299339225252846","3.3442816900237786"
"0.75931022","0.089704094","0.936161476","58224024.78229892","0.4394807282556187","1958.7004444983754","0.035692176110333526","25122.353190151454","13.513706578159347","31774374227.78824","0.0061066578166673584","0.356352844019081","0.6005084767066166","2.317002504795973","3.440652636522158"
"0.30474703","0.03342909","0.630139735","53056273.851642266","0.42641678276688527","2017.6381347198922","0.054190920606871175","24300.499605866327","13.71478766391912","30642729229.727352","0.005808920110680464","0.34673476595707203","0.6019195518872653","0.9338610312887508","1.2570724237800348"
"1.1768854","0.111207182","0.762191297","53225184.543995045","0.4211497774414171","1904.1524179484313","0.05419390070597535","28577.644029538613","11.758084637997882","35012829342.423775","0.005955631775641181","0.34803232019766683","0.6027211130231386","1.7437674298762655","3.363474718328098"
"0.080374397","0.017933344","0.188777039","59736256.284735925","0.409205987194945","1939.7408619517798","0.05691999943748589","29537.994606100707","13.740961368982221","33026535216.027412","0.006285472871354574","0.35190495030358454","0.6047520904889404","0.3076650708249374","0.6630864277642357"
"0.68222587","0.073921819","1.13003387","61037498.66946877","0.4424899079648875","1847.198083206656","0.06550511199227359","29868.860903122757","12.070948463839049","31159714545.21037","0.005590625832214819","0.34708998974674576","0.604475949411571","1.9842489512737327","2.315879011400768"
"0.26036058","0.018594538","0.221525035","56857878.988586925","0.4343009641365229","2080.1601640432114","0.04811385801359609","24243.96335672379","13.312282589718496","36426126946.44617","0.005798205357710868","0.3493811291111874","0.5957056150064022","0.5873247045390537","0.6827782432408988"
"0.15158063","0.021609741","0.135358961","68752567.85848694","0.44394776984460665","2124.603068812909","0.045294060510646814","26835.59308653665","14.524068852575024","37103640753.04455","0.005869538135353202","0.3436696519625956","0.6027033217609288","0.26846800213930266","0.526515748756602"
"0.61571347","0.068467526","0.873344254","52363213.65427067","0.4391162573088144","1810.079423998363","0.06287007376456416","26813.949953302406","11.926298592351761","33312833501.298225","0.005681320168776735","0.34751542477391417","0.6052467272959525","2.2196738146170443","2.7357616574660724"
"0.13406019","0.015651574","0.245316892","55148611.74583076","0.4318080404526676","1817.1366657764404","0.05516531651846575","29672.09195390105","11.618547456223881","38600127822.41997","0.006244063811496723","0.3450406843834488","0.6034177767432919","0.36532291374018316","0.5126148585280828"
"0.27993869","0.029409538","0.222730299","65734158.61692454","0.4391695556803158","1968.3041789815863","0.035704968733716695","32474.831580025668","12.667360429822857","34384316770.87249","0.006209102331138062","0.35249481238009983","0.6027518565046563","0.6506221658881356","1.125566562708318"
"0.72103779","0.0977622","1.174754879","67289311.79003704","0.4429713736715115","2134.2565579260718","0.030107993465776785","27791.423825996797","14.530802283385839","34601716924.24725","0.00590789715368011","0.3550396189549355","0.604700382799506","2.24760804663598","4.848770526159546"
"0.2727784","0.020801635","0.152149615","54636487.869253606","0.4166667929781503","1903.5584352176404","0.06882450580443872","27160.415403443003","11.602536247756149","32344471411.891003","0.0064122624003638586","0.35011552822744263","0.5993533093634468","0.45956095261824265","0.4207493971153675"
"0.72305901","0.13753029","1.093190525","55129161.466130376","0.43842938689654537","1839.5326023785128","0.0644018627639013","32425.893798412322","10.062282445706426","38732179320.39971","0.006251558950940547","0.35364066659740373","0.5990775027372082","2.7561016388192296","5.00901901900044"
"0.10241235","0.015479112","0.171749578","59086564.68733616","0.43910699187930596","2152.2977683405293","0.04258845712366268","26036.509150136746","13.664709971669216","27722296182.578785","0.005778898668563327","0.34670932237999424","0.601277402800964","0.20150984425580504","0.6347574674931444"
"0.24809895","0.029182962","0.297895604","58264929.016481645","0.44578550947969114","1881.632628027676","0.033015075464173343","30983.034506456053","12.203020506137431","28773853938.54981","0.005977755434684016","0.35004318926955286","0.60459925452375","0.8665545722570979","0.9985057935803007"
"0.59064207","0.072557959","0.755184945","64142578.29948573","0.422200053234152","1985.6551437036214","0.03617379227507656","31958.48743158198","12.31901975156949","33263633476.16958","0.0062952657030481375","0.3568071216024511","0.5995951885704737","1.9811885234835456","2.5066990650048986"
"0.22666986","0.025030734","0.519383288","54681447.93738708","0.44200167740417495","1942.4487094313145","0.06585525406260348","25395.524575754436","12.297958306847017","41126707712.74815","0.006327218662336065","0.34584002478419595","0.6014706849521321","0.715846458035207","0.987342745837469"
"1.405676","0.119003429","0.801330615","61894759.86361257","0.44228991359807446","1855.79563588221","0.049532643762345285","29028.27921419305","12.747288233460571","36355274260.79548","0.006261815629988495","0.3475179322466252","0.6035134235040635","1.8166013233716987","4.116357587885714"
"0.13963498","0.030805768","0.32539796","59921865.2891971","0.4488516139247256","1935.3687502184412","0.061947113350357845","30783.382339635515","10.252342329756218","41389250132.26724","0.00633584213805786","0.35459587337030096","0.5962994113054054","0.644941589299381","1.1067624852446987"
"0.59342205","0.069298663","0.965413425","55393065.15978405","0.41829837053603286","1964.6467791358275","0.06914245881056925","26901.95584681873","12.292709851950553","33618153993.20815","0.006581604178738815","0.34982941549471835","0.6013525129990726","2.104091699854143","2.6980844442390644"
"0.15776967","0.01124571","0.132578379","56003195.810692646","0.4095223032897189","1973.250602498291","0.044321873741427355","27604.86705518242","13.12866735774897","31893245354.178802","0.00601819164238749","0.34558964230803024","0.6001479807635958","0.3306764512201044","0.4543607662457711"
"0.11888497","0.016589655","0.112054923","64982497.509162135","0.43785003138399237","2138.4973320131116","0.05634277597514828","24755.470460015844","14.417435697956277","36820541522.322","0.0054067872974815","0.34427412098339094","0.6022295537388273","0.20448642751731785","0.43491848902471564"
"0.14390871","0.018218238","0.342976894","58068895.07730698","0.4346188889872012","1949.7469357020873","0.05363417568523394","32895.444619073525","11.885189247316962","29367219015.437935","0.005737079086341836","0.3480097401354719","0.6054986105977634","0.5425028859019728","1.0041312365798805"
"0.87832643","0.075076432","1.103528254","64440342.9708964","0.43976166004756","2141.151935192828","0.05058847341804907","31950.42556172342","13.659611668321391","30291650993.610626","0.005711936418602045","0.3513033519155586","0.6058234528077825","2.6471247351820755","2.541237730662015"
"0.7117945","0.0936249","0.548666933","57992741.989808016","0.44121285431429735","1835.4516116318214","0.03682689423386527","31976.062596546064","10.607667711473765","32002191100.756256","0.005913704865370011","0.3469475288689946","0.598028999184235","1.7771113225171085","4.456833736963852"
"0.20825833","0.022983247","0.268431143","57415571.65345491","0.4170142804218218","1774.3835073853566","0.04688781549602671","28288.57810938691","11.507480119596007","29677780725.830532","0.0061536890774949015","0.34883928059586383","0.5967780187933359","0.4701126384760097","0.9736793078910911"
"0.57066319","0.043999643","0.744157361","62512935.977121696","0.43043019893016915","2035.3801522367187","0.05369938647897643","33646.67096681393","11.547757243076386","36009421733.89755","0.006599202089504928","0.35492144894222166","0.6016988640771803","1.826786860011215","1.8944985820954476"
"0.5184397","0.10501461","0.891595598","65960960.24249674","0.44204155025277153","1965.255639837311","0.03475212036375719","25754.57876622643","14.446190521659172","32507811819.508316","0.006137042958758392","0.3517953694867162","0.6039120354707134","2.831050190554442","4.2489836000415195"
"0.52149045","0.087621568","0.878996064","66652044.58132314","0.4401664225652275","1934.2702437963567","0.03832098082897566","28978.564114731624","13.219545545543939","39409809681.62045","0.005813080081799532","0.3544568405494632","0.600486180334993","2.5301435657843507","4.899389804129594"
"0.63585541","0.076930727","0.763277609","57010751.711550035","0.4297365579918749","1850.6582332864298","0.04724992807441196","29874.483231766284","10.60510912250575","31862093748.314365","0.006062246842157339","0.3474830596370759","0.5954980845211332","2.0513128248252532","2.8287176079912126"
"0.66735118","0.0727496","0.763237672","56038035.031919084","0.41665920765936515","1880.8727440695416","0.04255653495645763","33645.3472050129","11.120335745454124","35806822017.64371","0.006425347988173709","0.35466462071837246","0.6026902583030825","1.9837635388425385","2.3924199126269525"
"1.1280537","0.142958893","3.354870763","59069380.00646561","0.43576440868108013","1867.6986051487984","0.04083434003789778","34232.396473468296","10.881312728338587","28433109472.250927","0.005575333397357607","0.34429776147352736","0.6027032722141134","2.6896550199254605","6.1613732427341"
"0.30576316","0.031521267","0.22404553","58213149.92142819","0.4212050190994292","2121.438064221329","0.055153163594444714","24764.140348111257","13.649666962197658","32366946874.331944","0.006003810207047387","0.3531068019238693","0.5979544527512547","0.6196562726550189","0.9918181460735195"
"0.3433485","0.068713557","0.648770161","65250297.1852904","0.40910025692272795","2037.3229341657047","0.03751583640964471","35502.92929816015","11.524460307755344","34645161679.46035","0.006160950249052329","0.3555204726397967","0.5988763011942646","1.811369836760462","2.7375403353677066"
"0.50467352","0.054498175","0.830791103","66108513.44638568","0.4251455111055566","2123.582015909021","0.06181705189527251","32526.69362651392","11.930022077083704","32187278823.561306","0.00657436214132663","0.34747984338903326","0.5976481609701312","1.607928307115213","1.96444841228465"
"0.69422356","0.047903016","0.590168766","68638918.2567714","0.4505862163772189","2139.5961814267057","0.05145207912078172","24048.755108367004","14.623484840901234","30012667036.007618","0.005477110173049005","0.3564555323154041","0.6008256264818765","2.4011322543057076","1.6903703202544953"
"0.40222681","0.044909193","0.457558171","56911844.50925829","0.41960512939190103","1914.1464378601593","0.05222815735566479","26732.450543866937","11.770283585616324","35419318065.45597","0.005613127337271893","0.34760957308397167","0.5959407185246134","1.1901878886024109","1.287545118725384"
"0.17445894","0.017278607","0.237143908","55107399.20433587","0.4122377828510304","1909.6696812330783","0.06025323974185864","24656.98486296629","13.714250954715096","37147384690.26899","0.005691421863807843","0.3539282144387763","0.6014718247024639","0.5735422772997951","0.7203284138920618"
"0.75512076","0.069120585","1.298810157","64820602.5270174","0.4458835710242522","2000.7635001057793","0.05026821144838263","32983.61931219905","10.259806467680642","35379352299.47846","0.005459183705091386","0.3470817243988565","0.5947481382786951","2.30726794935592","3.261639022717327"
"1.0220031","0.11451451","0.790828829","58941163.51978626","0.4372723657984216","1959.5859319143924","0.0639275874062501","24398.690082085355","13.668023487061676","36461668030.15309","0.0057068319914269465","0.34669234743553956","0.6002788513357684","2.3892709004045876","9.377337637081217"
"0.23708208","0.021183377","0.279380275","62193732.083876245","0.4489179841733263","1988.1335958116933","0.05142891245913662","28892.2039651061","11.356399658021253","39724082679.75906","0.006524604034269499","0.35256740928261","0.5971039685909595","0.5105476790621551","0.9709545999760318"
"0.51489444","0.034992321","0.282767683","52902144.9703281","0.42703566137313564","1895.119830508059","0.04775899621012927","29843.186621669673","11.002580104487365","34856449941.72411","0.006054889696333523","0.3505486741652327","0.6013519534279815","1.1150435940443784","0.8517703133972712"
"0.68281233","0.141014468","1.172834272","57352976.013495095","0.44927631050904504","1809.1040914334576","0.0638268836050602","27840.20608410053","10.32843363699778","28795524125.948975","0.005526924224685683","0.35147888029062063","0.5962633914426289","2.9023103630399385","5.236751989648801"
"0.19403405","0.032788218","0.340447648","64638847.873971924","0.43644786367359006","2067.147516562167","0.03770384518268253","33934.58214701698","11.724525138806142","37135755994.27002","0.005964750814968832","0.3441964654784851","0.6004431835348966","0.887903792013347","1.4359930424618985"
"0.23232041","0.022137325","0.282921956","61654289.22740023","0.4192062801540352","2051.7775320814017","0.05073893189813464","27122.099924955146","12.49367195282004","30669779443.37583","0.0054493602587771485","0.34482714421146793","0.5956321027731515","0.8049517755162837","0.6462436902426488"
"0.11113437","0.009792783","0.103888247","55648060.70983896","0.4276896410305331","1975.1016289793095","0.046926927556311414","33331.78073874586","10.127739679541927","37299433289.16324","0.006446234095738723","0.35031198928858015","0.596106127455516","0.17668724308893008","0.3357299754709704"
"0.23587835","0.029937951","0.703389914","54987979.736093484","0.4113421866099969","2043.7771215093655","0.03960867553081","31229.673176770102","12.235553806565532","30104144699.365143","0.006546795377248256","0.3534304883224107","0.6022120967684295","1.2310856775907828","1.5054165891809654"
"0.85837019","0.111643893","0.868864992","64923163.41995661","0.44855201287747737","2080.5955558103265","0.04556259947199166","30728.155199149554","12.65732774121349","31295357541.028553","0.005639191292718459","0.34345905469585186","0.6027617624194974","1.599263779643116","4.3015084879733445"
"0.49470937","0.066679071","0.831233686","57379487.685599245","0.4357438000418466","1869.321580155788","0.06001963220610633","27187.97490088962","11.32326120552874","37840642554.19184","0.005898523232747241","0.3542589198580456","0.5976088604939896","1.7628285999480906","3.025628906377269"
"0.32158995","0.039606724","0.503905604","66150075.60834065","0.44522235084201245","1896.352325382842","0.055250905910122085","35041.71149055852","11.4500819713447","41367093939.2227","0.005972555406925198","0.3544974964864882","0.6050931675536383","1.5917389219768936","1.5596198948426259"
"0.38096332","0.029580506","0.37388329","68176336.95498085","0.42591239917191626","2042.1827815467195","0.059923627060130366","24456.315205218027","14.484442523651264","29437313112.795242","0.005486590145221512","0.34522470713803394","0.5972380570474797","1.086054823336408","1.1749851552234305"
"0.61927738","0.06606436","0.616502661","67600219.47242677","0.42981932545124235","2153.3026901165795","0.04036491387830496","33308.49141071302","13.849636818382043","32473767316.578968","0.006017966694752947","0.3513793985562525","0.6048054315456093","2.1485190261721043","2.467159427807708"
"1.207358","0.118681093","1.931662095","65640885.82465972","0.42821425276380387","2108.4623575827536","0.06760389046049511","27505.41518643847","12.667572123520252","37484191884.066605","0.005848842684816071","0.35694131298552956","0.5976020179645556","2.7361759920072695","4.924393411562783"
"0.73162871","0.080457","1.317113023","66349381.70918618","0.44730198511934616","2064.48564000439","0.04003456686967567","25622.801200676473","13.415666021006714","38895537287.14598","0.006395677827835798","0.35529695908522974","0.5960785581294383","2.484325649829267","2.943189604410721"
"0.27892334","0.028575941","0.288244302","64555846.847323254","0.4302086614429399","2055.5668736858865","0.061727393537692334","27697.692991396263","13.37558696804911","27946839643.336987","0.006096009486636433","0.3554850308500363","0.6015865011619091","0.5581170710677634","1.0645562894965326"
"0.67999728","0.059245822","0.763531556","53250941.43377441","0.42826409146277233","1827.3673792813618","0.06318914553917936","34377.86741662197","10.130003926790685","32537416753.67083","0.005595604121033007","0.35201221765615764","0.6043006692401379","1.6281345503554685","2.114669860059901"
"0.20434045","0.014074426","0.208153066","52691278.18550736","0.4494815192577019","1884.1383657185052","0.06283223745301174","28302.521080914696","10.044119818734123","31221895287.735607","0.006039337376748523","0.3477790200047646","0.5968691512076709","0.23809847092245998","0.4952856304114181"
"0.6640777","0.138834122","1.140304395","57339702.07800699","0.44376137713601443","1823.7865420566907","0.05514850539071496","26524.617307202636","10.9835491358699","40829042267.85557","0.0056520284441965146","0.34800335506041985","0.5957317945218727","2.9171625848853213","5.314690307632044"
"0.66377042","0.111429459","1.166939991","67250408.80509387","0.44109381561412614","2143.1698868213607","0.05038572093914655","24685.015023405726","14.574368324953255","35714831043.5351","0.0060854031083445405","0.35153674876234986","0.6028060896795904","2.760901860152205","6.378482625458731"
"0.50942892","0.059868763","0.575312598","63129210.76192441","0.4373450498097277","1926.0468943350177","0.05200954772738241","31099.945426084043","13.134039338701953","32441661814.050854","0.0059375490152294","0.35461041140236665","0.6055793292255011","1.8491171175887604","2.023717575858644"
"0.69231735","0.071631154","0.753553293","62235448.41255663","0.44861414194474125","1895.7102305255685","0.06486306363746566","27216.361047172355","10.401103296723946","34692089361.4194","0.005405053665771001","0.34662705970230423","0.5942115008039828","1.8769812842946385","2.291607534302411"
"0.35882564","0.04200221","0.921998417","54148698.80509927","0.42793103089507545","1909.8664927689374","0.049752556049246464","26805.332266699366","10.789523083225662","28248088212.377464","0.005689008697312021","0.35201234870140585","0.5949553903555187","1.4178202120408854","1.821369883873048"
"0.94908867","0.104769553","0.775940153","63091172.41295309","0.41702706023617997","1883.1409503330005","0.06856396550544787","31789.51381402535","11.545783214898387","29425785585.262383","0.005472851850140308","0.34760940646174315","0.6006159589192108","1.474016957609584","3.5575668511266567"
"0.47577831","0.09458089","0.887413089","56678992.19892118","0.4099962932907547","1933.705382924925","0.06242284958067613","26039.829414158252","13.315521305146685","29788407732.7678","0.005618672908976392","0.34819999423404074","0.6008118391653763","1.9863896009758486","3.522027629662233"
"0.21954223","0.02717326","0.342812444","56631568.38312814","0.4198570061724047","1932.6438470823473","0.05899231222460285","27489.295583225667","11.267181124310568","35366451530.61586","0.006140364764277731","0.34570060317711354","0.5953224193446194","0.9830996172246075","1.0440308736046313"
"0.26709185","0.023242436","0.321280452","56894581.95664118","0.4249250438977877","2032.4120273814312","0.044609473312151295","27053.51492339991","11.859718023569021","32446746026.570675","0.00565886935303853","0.3535450186428079","0.5964197543464491","0.8063447447232766","0.9526828533372946"
"0.73894536","0.106309446","0.896414196","60537746.41271557","0.42100469671085483","1855.4329091509549","0.048918353189721965","24935.118261655694","13.79472056776044","39667021376.04859","0.0061055976068538735","0.3487299916465166","0.5989243587080796","2.4183337261020186","3.6473781327087673"
"0.62361318","0.069000692","1.184486274","54058494.89679718","0.4207259137773349","1977.022221581878","0.041936617287909136","33614.37882363496","10.161400940347947","36402311987.65403","0.006282068842630929","0.34879300232981586","0.5968790782935353","2.243768803917936","2.4404726235158196"
"0.9558041","0.077898815","1.586372027","66770450.5280276","0.439876948751715","2103.2231181514467","0.03490426686603752","29880.24965108828","13.583408956108805","33382773101.536644","0.005635468311834837","0.34339685107685963","0.6010019342526931","2.73238364420517","4.252020824310022"
"0.43102444","0.052824715","0.322739901","56112932.73406759","0.41421487445247407","2003.7185977159304","0.06953876400952505","29885.406065439605","10.56914708478251","37234801702.184395","0.005942457651922692","0.3534925582417117","0.5964218016539015","1.2718719646743746","1.8832332748837062"
"0.93517002","0.081290123","1.05157148","54252666.29256681","0.4192557135094022","1853.2295912976258","0.03387732123738929","29410.699099778663","11.089278240720136","37438615522.94241","0.00612755875026271","0.34808446092905737","0.5966277764446721","2.09631644133897","3.046304605547073"
"0.35409135","0.031702603","0.541326856","65707017.36354524","0.4356044117804202","2059.955544605887","0.059599912101346464","30391.690149956754","12.944720166377047","31998264420.597244","0.005773156992416155","0.35623750970756685","0.6033027337028074","1.0749777381823118","1.2597203930976717"
"0.098933086","0.019306337","0.169450651","66267531.47743195","0.4282870414321679","2136.729445504247","0.0342340764883882","35450.67580935741","11.753071744738136","35242998552.291695","0.006330958328040382","0.3518544695300922","0.6013368687275119","0.27031672069560697","0.7882136006039147"
"0.55094414","0.101353436","1.000542471","63979826.259817965","0.41200632892096256","1975.9334904812868","0.041953526513435535","29701.95133854597","13.311256331658837","40654629507.851906","0.005752849948617712","0.3549516334168342","0.6003275223079076","2.543221879110052","4.779883274986907"
"0.13839858","0.01578177","0.144176855","52034690.02944699","0.40893059660843556","1992.2757951353938","0.03273456571294814","26321.531972069184","13.361695380186012","29349273259.909225","0.005585792534373073","0.35032798332915555","0.6019974526749564","0.31160512134901724","0.5321741439075715"
"0.44000459","0.039674598","0.420497376","63582646.27699076","0.4371464611865465","1993.042235045706","0.03299260773920215","33556.90395237556","12.176510536457968","29224023150.69261","0.006484732189647481","0.35188121685001766","0.6026649337700638","1.316909201509985","1.3062784546688242"
"0.31993781","0.036465948","0.780924983","51879285.59347653","0.42323790185002735","1801.0713110944466","0.05066065402910429","25013.534303287463","12.454272315040244","40330254765.198044","0.006006269279202222","0.3469516848658704","0.6018218670057904","1.3771031415180537","1.5064393335631243"
"1.1662948","0.09738186","0.655579534","56183721.71358638","0.43898844513455043","1804.9769088353016","0.05797770383252109","29417.451333201807","10.913960135204219","34057652689.50567","0.006329453970059177","0.3553082500312298","0.6004819849160727","1.690974495472802","3.0786332949593773"
"0.33573827","0.063201933","0.560916292","60414949.87388593","0.44784594963730723","2003.9575698272915","0.03709223906344379","32996.56776250077","10.022467538798168","38676153462.008125","0.0062949360843052105","0.3519376342088734","0.5944175154539016","1.704548415267375","2.372998193418174"
"0.46527916","0.059860445","0.61883613","63344260.79784979","0.4137714321259301","2030.0638553705487","0.05103121157699067","30950.199879730826","11.894278822839967","32629346927.093857","0.005610805921292","0.34538280761967727","0.5961943904631055","2.0214866185172196","2.0832483187348045"
"0.44673254","0.031990172","0.375597059","68470457.59796561","0.4476311827157116","2099.966532308823","0.048991083000432145","25664.056643546115","14.415167765215058","33658338458.833633","0.006148678759792236","0.34643153846338637","0.6008526005897455","1.3659441184298575","1.3028217965188482"
"0.32780314","0.050748487","0.456080881","53641464.76154005","0.4440427487191611","1808.5602574444608","0.05861431607305346","29875.01552777004","9.857246942418227","28971360496.98443","0.005799674349017652","0.35094233590001267","0.59457731227065","1.1620084374483903","1.476749817758433"
"0.16972755","0.015108458","0.224598221","58199951.17545644","0.44715420318886256","1989.8534685637437","0.04070276820886202","35197.290271233025","10.028142910720282","35585041366.74407","0.00576427986875099","0.35436424851294934","0.6003878763045263","0.38168180155996867","0.6822711731751964"
"0.32865244","0.028593807","0.460348493","56953518.55295131","0.42454631282259614","1812.355883151486","0.056236485295497705","33616.87846709878","10.990199448046214","38419453893.87561","0.005742701295963161","0.3547844862891283","0.6046021471358408","1.3819408593219489","1.0116253761542422"
"0.23306253","0.027690621","0.173536772","61215339.018594965","0.43346609208382125","1808.1552357115822","0.03556232214321857","27834.819247566156","11.647361753027443","31938493096.494305","0.006369878653340943","0.3453098359968801","0.5948523962607822","0.4117386062987036","0.7501463253675049"
"0.63534535","0.093895699","1.301025742","66313168.467330374","0.45147987426648734","2142.542322127232","0.054224193814569076","28062.487018154203","13.767371310914998","36092151995.02378","0.005635508616287287","0.35341236675484217","0.6056756891297279","2.1665276163526594","3.5375156942259687"
"0.86061992","0.067538815","0.49535418","57607084.63299723","0.42676621235430223","2024.4844686519414","0.04677416805196888","28722.017975146468","11.132883190986048","33562719389.99043","0.005588832079287253","0.3506486807564867","0.5955537604154874","1.9803122218759461","1.6990273420689022"
"0.59402119","0.105524261","1.044322698","63367197.70575523","0.43868732405566013","2098.7214778176335","0.06794164160035206","29802.176175527547","11.133871647330793","30166785922.126945","0.005638008495769531","0.3518409926288398","0.5966085593967324","2.3947432803974276","5.390516424199016"
"0.85678523","0.14686481","1.513970586","56040763.92544466","0.4118928343378338","1958.9141535707925","0.04612956615858729","32174.38225702212","11.077589828625785","32390568257.10033","0.006330366273289063","0.3561360685782181","0.5987692209953088","2.7462995895513185","6.938254609546108"
"0.17951396","0.021052938","0.214922657","59106495.63154393","0.4157191790299824","2032.8637279672732","0.05433072431233604","24756.444990137865","12.802994172132975","37666284161.030975","0.005590115594217376","0.34677316012945586","0.5944315853567158","0.6524361486710132","0.7481047208727281"
"0.64193099","0.050166632","0.535225015","67652460.13886505","0.44893946627067577","2067.6572156575244","0.04459773979589636","27445.38495770301","12.600180153768406","28455109649.692886","0.006347536093134434","0.3505974861443565","0.5950886711216737","1.714143605940606","1.8344753972997265"
"0.60640791","0.071139289","1.564698205","53579341.6983119","0.41779145085497654","1844.153911107616","0.04596501011389734","30490.904122780932","10.60252689527599","32213640931.240093","0.005442553022694572","0.3451522271501093","0.5977485559380603","1.9715258110511167","2.508492404017678"
"0.16710618","0.02405555","0.19070899","55601764.38972069","0.41467345954151874","2078.4920622203467","0.040038408923653124","28226.475656851664","13.71528873500905","37316755174.47952","0.006080069101361358","0.34755210464853764","0.6048579312045178","0.4883976507012144","0.7816076317911335"
"1.068201","0.10257115","1.420865862","66410739.566814974","0.43506506571408526","1888.3556899368743","0.04933139439164653","31857.43081463312","12.846688556364752","32494495983.077805","0.005879339052395194","0.35268434518859176","0.6036926938031699","2.278351099142515","9.046200962275144"
"0.37914736","0.039871983","0.664539342","68038971.24927537","0.4337403217968786","2025.2977134027217","0.054677259703961575","32482.868071684847","11.444966252159608","32663896246.04458","0.006564062246014184","0.3526327159666033","0.5949653082700574","1.645773963020032","1.4759817608413952"
"0.41211478","0.027542268","0.348382676","66061009.18634623","0.44973076742976265","2092.5765135057436","0.045802137811513946","25774.23514052891","13.393976912446071","31126931564.403522","0.0058079986283637725","0.34636780760438324","0.5974908282735764","1.0362685804311844","0.998105093638085"
"0.44535232","0.062892575","0.3674292","58678368.44934494","0.4306303610806441","2003.5984833432583","0.04486388128842571","25495.610695777432","13.300623532913404","28820877426.41882","0.005710052710215712","0.34926116641843963","0.5992999088707893","1.3516794214855326","1.5613041926008542"
"0.9021976","0.101565015","1.766285236","60635891.42850987","0.4222506541331044","1999.046530928587","0.05927049122971703","26630.837551201836","12.99676010404601","31554570788.958355","0.0054046224335278035","0.35268411321152043","0.6003794881765626","2.651474633954579","4.727912700997437"
"1.135274","0.096521757","1.759842776","53070286.32158856","0.41442084236513066","1904.5402726497437","0.06588445576586992","25156.819705778787","13.250207804023097","40429620972.13634","0.005517976068274314","0.34739912527550504","0.6039777062587487","2.591789046116017","3.860379928773492"
"0.16839086","0.021530672","0.1242982","52756341.38696171","0.4295416702449636","1825.9835613533","0.05588426494095043","25423.140797365282","11.778043707437373","40202111695.051765","0.006119519996593987","0.3569525594798604","0.6003144711760007","0.35464145888201304","0.5704407451497342"
"0.6875218","0.071533978","0.85937524","62386370.822135285","0.43867977808360276","1828.9417393604133","0.0665562043271459","24076.2844987573","14.3409752683526","29386351194.34166","0.005811162944689556","0.3497056584355201","0.6011771469179782","1.6688174112952576","3.112599843163283"
"0.72295556","0.048142982","0.805346514","57908039.77089319","0.42186222121988787","1938.4174172292842","0.05293605184140457","29227.159060286405","11.600366513369817","39926783139.495605","0.006070084563248644","0.3470292949619528","0.5980550460517741","2.0086746269036273","2.3915363486365924"
"0.11040011","0.019676752","0.17993095","58670889.451510385","0.4246731045419371","1988.1021236727693","0.052926654405399294","33379.98966335661","11.27372581480218","31851506264.405052","0.006215245643700599","0.3437691951679191","0.6019441720252253","0.3311935603148539","0.8274387188686054"
"0.62597809","0.100985399","1.093105648","65860454.206831604","0.44217029220745024","2069.118184633531","0.04705006792074563","35063.87713509798","10.683018097440137","29099299489.063004","0.005837058456921648","0.34477944810409644","0.598267127825967","2.6745722005503865","6.94443077735373"
"0.50427467","0.059681303","0.578774892","61952616.09617534","0.43240323057336894","2006.5868709656438","0.058761521174129534","26731.25573455913","12.852621614494947","35571381588.057625","0.006060789244773868","0.35220544571416706","0.5991205820900705","1.8842298055122493","2.0545863300269476"
"0.93849539","0.106112527","1.055995372","68568512.66548179","0.4276959615792289","2025.92760156449","0.05334765458228695","28184.386933958376","14.373816227784692","28901479990.11691","0.00540817518963607","0.34520359431545156","0.6033188403252481","2.453306180684148","4.75054645983727"
"1.1004185","0.133511553","3.024120583","64209510.75364276","0.44256532243174107","1776.9190893634545","0.05029701133737974","32786.08118495171","10.49206155568463","39074198534.6711","0.00606369282243851","0.35624091253116774","0.5972850042592945","2.697816764376617","5.409705209205555"
"0.24674715","0.025471316","0.181176212","65308563.09862605","0.42186227221573147","1812.3003286292485","0.03374817500336603","29491.937332792477","13.242295577305615","32087051082.730396","0.006144207745818393","0.3532378199580226","0.5998908289335795","0.458207098097803","0.7912220636802003"
"0.69965732","0.138912132","1.30181364","57457060.01644203","0.4290207463662824","1881.306985472643","0.05046052948550963","29287.116365690337","10.997379489569385","30634258013.440994","0.005513045210694556","0.3532312439320161","0.5973082569459401","2.4666775135768653","7.204708774221048"
"0.43488174","0.055379218","0.64041065","67837278.67236006","0.4142569919487911","2010.2783280228205","0.053883208359535736","25925.534535766925","13.558191867034608","35658104390.62835","0.006325737311824435","0.3549850639965653","0.5942929511513756","2.0593061207777335","2.293115194261547"
"0.6053243","0.048031108","0.630463734","56659048.646049336","0.4227100747484566","1820.5808946445952","0.050535134916158964","27484.9558940319","12.403960801584315","31098203064.17866","0.005925307091817356","0.3512491159948561","0.6014837665356948","2.097375654472717","1.6676328464164847"
"0.61512617","0.070663216","0.724726704","59368087.4310191","0.4160954546685665","1918.4730316105024","0.030131381515527404","31323.43858251966","13.172850915980563","33642400481.55254","0.005830340383739455","0.35035463896703","0.6030821247298493","2.164394609025264","2.3257552263892918"
"0.74647299","0.066748677","1.051665143","58488826.078309566","0.4347940715417071","1892.962767166134","0.0572156539847894","27072.499392406782","12.751684397343421","34006719179.53427","0.006004580835951202","0.3467376523059271","0.6024798358568071","2.2675347088872604","3.6827285706315287"
"0.81040667","0.070472101","1.153458457","65487499.76081129","0.4412443149223093","1954.282247137864","0.035608302784245184","35528.972298513065","9.929305197793335","31381515847.961617","0.005953609588262531","0.34823894116219223","0.594336091255374","2.346436994799567","2.823849177784583"
"0.22599995","0.02761257","0.160336384","55297912.695695445","0.4426705063890795","2104.502437910964","0.03518152049118838","33671.403597904624","10.425150316041538","32078490178.19044","0.006517559458483948","0.350099485463165","0.5993179248171522","0.4453182015971739","0.7683898808015623"
"0.091344857","0.013136518","0.198138099","60902221.31692745","0.4321602559968763","2116.861344024385","0.049787969520549445","30666.248610697563","12.373957049437697","32840274801.409576","0.0061731682380026884","0.3465550714702271","0.6014987228915347","0.1882365810084748","0.6742290658873917"
"0.74173474","0.152616633","1.231544706","60270139.45934331","0.4349096672137304","2101.2139874173045","0.045908473052139846","33872.35173237484","11.043884165819293","28007726667.96919","0.005655768864258889","0.34593655619918606","0.6008537632829117","3.1063439442651655","6.631402035829305"
"0.68182023","0.087150104","2.093255545","68537794.39717893","0.4198340988673182","2086.491421710712","0.04110759244739529","32025.498479137157","14.109636233208864","29175278676.235867","0.00543516826052584","0.34592957888635234","0.603323972398198","2.5080528419629133","2.9239943691841823"
"0.53689677","0.037330686","0.626612229","62751371.59219593","0.43542968624275274","1952.489748032181","0.05187253270438233","33685.062951640546","9.984531145868822","34804196720.77771","0.005568935297316245","0.34968714746265156","0.5942518605501039","1.5001855965387225","1.566657545659898"
"0.4814188","0.093997227","0.866927205","60132131.713458486","0.41700585412963237","1836.1290108292228","0.034779258565963304","34929.1487366854","10.505597464211167","36439830885.78548","0.006152759138446546","0.3522153836648742","0.5978025064050119","2.0749764965892488","3.8660365163119748"
"0.36772808","0.039264033","0.40320209","54443051.63870401","0.4144019581131138","1882.5456942440244","0.038691693761534945","35021.84611906595","9.82857009271994","40410308791.11721","0.006179870781800714","0.3497921388874346","0.5944232919177902","1.7417366413380244","1.3577128665914302"
"0.20435411","0.024363291","0.244414174","53962310.822594196","0.41378002968296157","2061.607195422572","0.046866731926391944","29355.82332271514","11.969516301349447","39195109119.7728","0.006388066376806793","0.35341034801999727","0.6008377665435215","0.6451385448829152","0.8986736361466057"
"0.50269909","0.043367667","0.752885309","58130184.40882221","0.43842664283879734","1982.8462878269045","0.04557530597519406","34892.900701348495","11.12809747583411","36496994792.24752","0.006394005010806396","0.3529349573532369","0.6053457241609288","2.039410037035442","1.6745544863159143"
"0.63443507","0.092809646","1.166325134","55591609.741547756","0.4180385265004938","1968.6937287827805","0.06709311512407252","30859.992628384174","10.976176788684214","36692800829.686584","0.006310857388409578","0.35552293016284986","0.6006938351808432","2.024244406646676","3.2764645165390043"
"0.7476073","0.128189395","1.255847624","60444994.73709808","0.4360793526105125","1800.8262815056828","0.059831767627601645","30521.90148186201","11.06102492648398","32787307935.31484","0.006355323840933721","0.34501130584369066","0.598672355919301","2.7400075022495","6.9044753329160695"
"0.28965275","0.024417004","0.339051528","53167246.63931303","0.410233526634279","2063.6049899429668","0.05205599118097572","25460.477736186134","13.086836709436781","33271430868.734432","0.006079674278258002","0.35595111635136645","0.5998432736104548","0.9409963539979975","0.9917422340203912"